7944939520.0,57644187648.0,-12801543168.0,19517677568.0,26128711680.0,-0.0,-0.0,-0.0,-91754799104.0,-0.0,-0.0,-0.0,-0.0,-0.0
-7944939520.0,-57644187648.0,12801543168.0,-19517677568.0,-26128711680.0,0.0,0.0,0.0,91754799104.0,0.0,0.0,0.0,0.0,0.0
-7944939520.0,-57644187648.0,12801543168.0,-19517677568.0,-26128711680.0,0.0,0.0,0.0,91754799104.0,0.0,0.0,0.0,0.0,0.0
-7944939520.0,-57644187648.0,12801543168.0,-19517677568.0,-26128711680.0,0.0,0.0,0.0,91754799104.0,0.0,0.0,0.0,0.0,0.0
7944939520.0,57644187648.0,-12801543168.0,19517677568.0,26128711680.0,-0.0,-0.0,-0.0,-91754799104.0,-0.0,-0.0,-0.0,-0.0,-0.0
7944939520.0,57644187648.0,-12801543168.0,19517677568.0,26128711680.0,-0.0,-0.0,-0.0,-91754799104.0,-0.0,-0.0,-0.0,-0.0,-0.0
-7944939520.0,-57644187648.0,12801543168.0,-19517677568.0,-26128711680.0,0.0,0.0,0.0,91754799104.0,0.0,0.0,0.0,0.0,0.0
7944939520.0,57644187648.0,-12801543168.0,19517677568.0,26128711680.0,-0.0,-0.0,-0.0,-91754799104.0,-0.0,-0.0,-0.0,-0.0,-0.0
-7944939520.0,-57644187648.0,12801543168.0,-19517677568.0,-26128711680.0,0.0,0.0,0.0,91754799104.0,0.0,0.0,0.0,0.0,0.0
-7944939520.0,-57644187648.0,12801543168.0,-19517677568.0,-26128711680.0,0.0,0.0,0.0,91754799104.0,0.0,0.0,0.0,0.0,0.0
7944939520.0,57644187648.0,-12801543168.0,19517677568.0,26128711680.0,-0.0,-0.0,-0.0,-91754799104.0,-0.0,-0.0,-0.0,-0.0,-0.0
7944939520.0,57644187648.0,-12801543168.0,19517677568.0,26128711680.0,-0.0,-0.0,-0.0,-91754799104.0,-0.0,-0.0,-0.0,-0.0,-0.0
-7944939520.0,-57644187648.0,12801543168.0,-19517677568.0,-26128711680.0,0.0,0.0,0.0,91754799104.0,0.0,0.0,0.0,0.0,0.0
-7944939520.0,-57644187648.0,12801543168.0,-19517677568.0,-26128711680.0,0.0,0.0,0.0,91754799104.0,0.0,0.0,0.0,0.0,0.0
0.0,-1555171131.1834335,11995178814.066772,0.0,0.0,0.0,0.0,0.0,10660752610.132446,2473083053.0386353,0.0,0.0,-13926516870.843506,-2976535114.4217682
0.0,-10282877452.263374,79312785126.851685,0.0,0.0,0.0,0.0,0.0,70489485331.089722,16352161799.913269,0.0,0.0,-92082899076.700439,-19681014648.63652
0.0,-5216226975.5871201,40233241250.635132,0.0,0.0,0.0,0.0,0.0,35757418736.751587,8295011574.9067993,0.0,0.0,-46711176359.3396,-9983649031.4825592
0.0,-3457184539.9322557,26665584203.686722,0.0,0.0,0.0,0.0,0.0,23699121189.155563,5497725829.3287888,0.0,0.0,-30958997280.478058,-6616912424.4955273
0.0,-4571723867.8050232,35262129153.032715,0.0,0.0,0.0,0.0,0.0,31339327344.26416,7270102044.6779785,0.0,0.0,-40939667858.530273,-8750095956.0679321
0.0,-0.0,0.0,0.0,0.0,0.0,0.0,0.0,0.0,0.0,0.0,0.0,-0.0,-0.0
0.0,-0.0,0.0,0.0,0.0,0.0,0.0,0.0,0.0,0.0,0.0,0.0,-0.0,-0.0
0.0,-0.0,0.0,0.0,0.0,0.0,0.0,0.0,0.0,0.0,0.0,0.0,-0.0,-0.0
0.0,-32665466206.650658,251951762951.9408,0.0,0.0,0.0,0.0,0.0,223922915710.72717,51945672907.263733,0.0,0.0,-292518396914.11499,-62520390999.712418
0.0,-0.0,0.0,0.0,0.0,0.0,0.0,0.0,0.0,0.0,0.0,0.0,-0.0,-0.0
0.0,-0.0,0.0,0.0,0.0,0.0,0.0,0.0,0.0,0.0,0.0,0.0,-0.0,-0.0
0.0,-0.0,0.0,0.0,0.0,0.0,0.0,0.0,0.0,0.0,0.0,0.0,-0.0,-0.0
0.0,-0.0,0.0,0.0,0.0,0.0,0.0,0.0,0.0,0.0,0.0,0.0,-0.0,-0.0
0.0,-0.0,0.0,0.0,0.0,0.0,0.0,0.0,0.0,0.0,0.0,0.0,-0.0,-0.0
0.0,0.0,0.0,0.0,0.0,-0.0,0.0,0.0,0.0,0.0,0.0,0.0,0.0,0.0
0.0,73791722418.699982,0.0,0.0,0.0,-19085521506.87772,0.0,0.0,55897599064.277031,0.0,0.0,286842973.20170367,41813628986.708664,35884825321.52507
0.0,238996791913.92435,0.0,0.0,0.0,-61814228786.616005,0.0,0.0,181041266068.44888,0.0,0.0,929027648.78254342,135426072986.87991,116223850712.86353
0.0,0.0,0.0,0.0,0.0,-0.0,0.0,0.0,0.0,0.0,0.0,0.0,0.0,0.0
0.0,0.0,0.0,0.0,0.0,-0.0,0.0,0.0,0.0,0.0,0.0,0.0,0.0,0.0
0.0,0.0,0.0,0.0,0.0,-0.0,0.0,0.0,0.0,0.0,0.0,0.0,0.0,0.0
0.0,0.0,0.0,0.0,0.0,-0.0,0.0,0.0,0.0,0.0,0.0,0.0,0.0,0.0
0.0,0.0,0.0,0.0,0.0,-0.0,0.0,0.0,0.0,0.0,0.0,0.0,0.0,0.0
0.0,107448442421.44034,0.0,0.0,0.0,-27790509443.30891,0.0,0.0,81392732920.307663,0.0,0.0,417673279.33041346,60885003891.321098,52252047532.99292
0.0,164966849366.42404,0.0,0.0,0.0,-42667093927.419548,0.0,0.0,124963214064.29922,0.0,0.0,641258666.97470033,93477458018.595917,80223179230.957947
0.0,0.0,0.0,0.0,0.0,-0.0,0.0,0.0,0.0,0.0,0.0,0.0,0.0,0.0
0.0,0.0,0.0,0.0,0.0,-0.0,0.0,0.0,0.0,0.0,0.0,0.0,0.0,0.0
0.0,2031283879.4200516,0.0,0.0,0.0,-525372099.96633655,0.0,0.0,1538707705.3615093,0.0,0.0,7896000.9102848023,1151014608.6416373,987810892.63402677
0.0,44659639194.964424,0.0,0.0,0.0,-11550787492.24172,0.0,0.0,33829900214.428047,0.0,0.0,173600822.27261582,25306111888.578053,21717928500.710918
0.0,0.0,0.0,-0.0,0.0,0.0,0.0,0.0,0.0,0.0,0.0,0.0,0.0,0.0
0.0,0.0,170988194870.36792,-208183008417.05045,0.0,83031211382.691772,0.0,26301296210.184814,0.0,0.0,214497316986.98026,0.0,0.0,0.0
0.0,0.0,0.0,-0.0,0.0,0.0,0.0,0.0,0.0,0.0,0.0,0.0,0.0,0.0
0.0,0.0,0.0,-0.0,0.0,0.0,0.0,0.0,0.0,0.0,0.0,0.0,0.0,0.0
0.0,0.0,0.0,-0.0,0.0,0.0,0.0,0.0,0.0,0.0,0.0,0.0,0.0,0.0
0.0,0.0,155637754126.25803,-189493408605.4422,0.0,75577096253.820068,0.0,23940101103.85709,0.0,0.0,195240851026.41818,0.0,0.0,0.0
0.0,0.0,0.0,-0.0,0.0,0.0,0.0,0.0,0.0,0.0,0.0,0.0,0.0,0.0
0.0,0.0,0.0,-0.0,0.0,0.0,0.0,0.0,0.0,0.0,0.0,0.0,0.0,0.0
0.0,0.0,187587575670.20422,-228393228399.7226,0.0,91091807010.699402,0.0,28854602487.57513,0.0,0.0,235320524389.74533,0.0,0.0,0.0
0.0,0.0,0.0,-0.0,0.0,0.0,0.0,0.0,0.0,0.0,0.0,0.0,0.0,0.0
0.0,0.0,0.0,-0.0,0.0,0.0,0.0,0.0,0.0,0.0,0.0,0.0,0.0,0.0
0.0,0.0,100081309927.51169,-121851851835.87973,0.0,48599100109.501213,0.0,15394443923.4674,0.0,0.0,125547687524.67793,0.0,0.0,0.0
0.0,0.0,1707708449.0794287,-2079183786.3315637,0.0,829256670.74865043,0.0,262678635.76152104,0.0,0.0,2142246608.3184192,0.0,0.0,0.0
0.0,0.0,56957067793.206848,-69346855979.111725,0.0,27658133587.885674,0.0,8761100217.6403484,0.0,0.0,71450185402.276749,0.0,0.0,0.0
0.0,0.0,0.0,0.0,0.0,0.0,0.0,0.0,0.0,0.0,-0.0,0.0,0.0,0.0
0.0,0.0,0.0,0.0,0.0,0.0,0.0,0.0,0.0,0.0,-0.0,0.0,0.0,0.0
0.0,116235414389.73494,73772218562.015289,0.0,0.0,0.0,0.0,224425613687.85773,148354273717.25009,0.0,-2140686721.7162983,139957148424.47665,0.0,236527546206.1546
0.0,41873864294.027855,26576477444.106747,0.0,0.0,0.0,0.0,80849435957.26709,53444698912.896965,0.0,-771183427.63091576,50419630461.808815,0.0,85209163004.546402
0.0,0.0,0.0,0.0,0.0,0.0,0.0,0.0,0.0,0.0,-0.0,0.0,0.0,0.0
0.0,10309181659.037144,6543024830.5904617,0.0,0.0,0.0,0.0,19904815004.929707,13157875899.315565,0.0,-189862344.4939597,12413115874.916822,0.0,20978162757.089046
0.0,0.0,0.0,0.0,0.0,0.0,0.0,0.0,0.0,0.0,-0.0,0.0,0.0,0.0
0.0,95412350081.356537,60556249407.056488,0.0,0.0,0.0,0.0,184220750042.77011,121777256736.18546,0.0,-1757192091.4057033,114884439583.01782,0.0,194154674468.11862
0.0,0.0,0.0,0.0,0.0,0.0,0.0,0.0,0.0,0.0,-0.0,0.0,0.0,0.0
0.0,0.0,0.0,0.0,0.0,0.0,0.0,0.0,0.0,0.0,-0.0,0.0,0.0,0.0
0.0,93289874702.669922,59209158089.396996,0.0,0.0,0.0,0.0,180122706069.6832,119068286368.23875,0.0,-1718102844.0865536,112328801930.2271,0.0,189835647467.27319
0.0,0.0,0.0,0.0,0.0,0.0,0.0,0.0,0.0,0.0,-0.0,0.0,0.0,0.0
0.0,0.0,0.0,0.0,0.0,0.0,0.0,0.0,0.0,0.0,-0.0,0.0,0.0,0.0
0.0,0.0,0.0,0.0,0.0,0.0,0.0,0.0,0.0,0.0,-0.0,0.0,0.0,0.0
0.0,-0.0,-0.0,0.0,0.0,0.0,0.0,0.0,0.0,0.0,0.0,0.0,0.0,0.0
64981385461.275192,-24835445734.983414,-5587078964.2716875,37936357283.696655,50527501746.613251,42202505104.592003,0.0,39391588973.815887,417428708.50733566,0.0,16214764296.656178,10912078528.225883,0.0,0.0
100793579888.7921,-38522624071.390305,-8666200111.5058575,58843640088.941284,78373948904.388351,65460924533.562187,0.0,61100871303.28875,647479791.02235329,0.0,25150958677.03397,16925885021.995417,0.0,0.0
0.0,-0.0,-0.0,0.0,0.0,0.0,0.0,0.0,0.0,0.0,0.0,0.0,0.0,0.0
0.0,-0.0,-0.0,0.0,0.0,0.0,0.0,0.0,0.0,0.0,0.0,0.0,0.0,0.0
0.0,-0.0,-0.0,0.0,0.0,0.0,0.0,0.0,0.0,0.0,0.0,0.0,0.0,0.0
0.0,-0.0,-0.0,0.0,0.0,0.0,0.0,0.0,0.0,0.0,0.0,0.0,0.0,0.0
42354714540.052582,-16187685244.215881,-3641644956.7004375,24726828645.381195,32933707056.387157,27507493782.897694,0.0,25675345245.744686,272079052.5493986,0.0,10568745314.431339,7112467175.3432112,0.0,0.0
49128381904.759048,-18776535067.420223,-4224042733.7819738,28681319049.737949,38200699860.120872,31906687944.527119,0.0,29781529174.908199,315591870.87169695,0.0,12258974277.125914,8249943541.5836077,0.0,0.0
0.0,-0.0,-0.0,0.0,0.0,0.0,0.0,0.0,0.0,0.0,0.0,0.0,0.0,0.0
83777572029.962784,-32019221030.594109,-7203169139.0344782,48909635926.173294,65142831089.583435,54409788066.950912,0.0,50785800567.382774,538172023.35872424,0.0,20904964924.478603,14068451117.279613,0.0,0.0
36580082389.204338,-13980659918.365469,-3145143911.24892,21355578449.630108,28443532923.951725,23757128334.494839,0.0,22174774512.349728,234983856.38325924,0.0,9127804981.1154671,6142755017.709609,0.0,0.0
0.0,-0.0,-0.0,0.0,0.0,0.0,0.0,0.0,0.0,0.0,0.0,0.0,0.0,0.0
143169581426.69614,-54718445062.116478,-12309675317.54715,83582896157.195312,111324208067.40549,92982243270.007889,0.0,86789120685.562668,919695587.409361,0.0,35725015722.667938,24041926842.454861,0.0,0.0
42693300429.543411,32874653658.990326,0.0,0.0,0.0,-12507857322.20326,41118483914.561844,22861998223.180374,0.0,50335283370.602913,0.0,66319429601.66964,-28851458345.275955,6321308517.6049204
27395799195.254261,21095286642.023182,0.0,0.0,0.0,-8026147993.1134911,26385257574.444118,14670280962.656591,0.0,32299571637.310543,0.0,42556414187.502846,-18513648543.565548,4056310874.4742889
3219292332.8816957,2478916350.006361,0.0,0.0,0.0,-943156157.3600688,3100543145.5064473,1723911125.4867828,0.0,3795536775.0457721,0.0,5000822824.4167576,-2175546929.1179333,476658863.09466833
17187370518.988323,13234602324.852982,0.0,0.0,0.0,-5035384381.9154854,16553384514.859209,9203730569.2661839,0.0,20263862403.810787,0.0,26698723165.07737,-11614953625.142324,2544817818.3415866
69100673915.644913,53208833698.124756,0.0,0.0,0.0,-20244426209.946743,66551775578.344902,37002983334.285538,0.0,81469503824.931015,0.0,107340431240.24538,-46697144400.860924,10231269876.07966
67104055329.534912,51671399397.026588,0.0,0.0,0.0,-19659476811.547886,64628805735.52459,35933806435.129044,0.0,79115496022.683105,0.0,104238899982.86623,-45347861085.001503,9935644053.1097488
0.0,0.0,0.0,0.0,0.0,-0.0,0.0,0.0,0.0,0.0,0.0,0.0,-0.0,0.0
18964184726.616142,14602783072.28747,0.0,0.0,0.0,-5555937685.9110107,18264657845.345333,10155203583.744097,0.0,22358721450.500237,0.0,29458812068.311405,-12815696612.51733,2807898692.1994171
1709778196.2738428,1316561743.1933196,0.0,0.0,0.0,-500913762.02924263,1646710058.8059747,915575645.17068613,0.0,2015823774.3261445,0.0,2655955702.2156768,-1155441109.3343387,253155304.61641115
0.0,0.0,0.0,0.0,0.0,-0.0,0.0,0.0,0.0,0.0,0.0,0.0,-0.0,0.0
23337241726.535686,17970120168.669357,0.0,0.0,0.0,-6837112307.3747005,22476407044.857311,12496948549.725784,0.0,27514543583.530464,0.0,36251883649.386971,-15770939486.815897,3455387693.5986667
86069662359.765244,66275277670.159248,0.0,0.0,0.0,-25215831189.785236,82894833420.345749,46089771653.658302,0.0,101475894365.21883,0.0,133699921446.17554,-58164518867.844536,12743753336.194868
0.0,0.0,0.0,0.0,0.0,-0.0,0.0,0.0,0.0,0.0,0.0,0.0,-0.0,0.0
0.0,0.0,0.0,0.0,0.0,-0.0,0.0,0.0,0.0,0.0,0.0,0.0,-0.0,0.0
3827356307.2260318,0.0,16472983923.878384,2186438717.1955242,0.0,0.0,0.0,13052789455.421997,23072612183.886639,15132481331.270758,3825494845.8654079,0.0,13212334905.878998,-18630995516.89922
18163117367.067295,0.0,78174258255.058746,10375972302.695009,0.0,0.0,0.0,61943369735.094528,109493480465.76079,71812763801.453293,18154283608.604973,0.0,62700509261.550682,-88415326683.813873
0.0,0.0,0.0,0.0,0.0,0.0,0.0,0.0,0.0,0.0,0.0,0.0,0.0,-0.0
0.0,0.0,0.0,0.0,0.0,0.0,0.0,0.0,0.0,0.0,0.0,0.0,0.0,-0.0
0.0,0.0,0.0,0.0,0.0,0.0,0.0,0.0,0.0,0.0,0.0,0.0,0.0,-0.0
945078699.2026062,0.0,4067629185.5481572,539891374.84589267,0.0,0.0,0.0,3223089853.48596,5697257469.5450287,3736622520.6846142,944619053.60389543,0.0,3262485978.2985148,-4600501127.8195696
5284769702.3956232,0.0,22745707313.583908,3019009509.7663627,0.0,0.0,0.0,18023142009.414551,31858398339.950329,20894756704.668682,5282199417.8934374,0.0,18243440537.967625,-25725464976.251274
16316508222.886774,0.0,70226432052.324173,9321067192.1515255,0.0,0.0,0.0,55645706692.869217,98361489289.90506,64511698481.84668,16308572575.625538,0.0,56325869302.603493,-79426310787.452866
0.0,0.0,0.0,0.0,0.0,0.0,0.0,0.0,0.0,0.0,0.0,0.0,0.0,-0.0
24261435915.680069,0.0,104421488810.60548,13859734647.816841,0.0,0.0,0.0,82741033097.884308,146256229358.59216,95924104419.204422,24249636197.575687,0.0,83752384383.520493,-118101025223.38235
0.0,0.0,0.0,0.0,0.0,0.0,0.0,0.0,0.0,0.0,0.0,0.0,0.0,-0.0
35023030733.958153,0.0,150739512063.91281,20007468404.674076,0.0,0.0,0.0,119442301569.37195,211130801724.24008,138472960499.00912,35005997039.363235,0.0,120902255847.54277,-170486852076.10657
16353904855.253178,0.0,70387387572.095322,9342430618.5835667,0.0,0.0,0.0,55773243909.014702,98586928973.674347,64659556114.037483,16345951019.879683,0.0,56454965417.915276,-79608351975.687714
18285643258.006226,0.0,78701611046.301422,10445967184.358358,0.0,0.0,0.0,62361231185.371414,110232108421.24583,72297202826.304489,18276749908.224636,0.0,63123478270.908386,-89011764313.745911
-11411921869.588993,0.0,-1516112769.4904237,0.0,0.0,4284282614.725543,-3703625021.2225027,0.0,19867005150.327477,62466932617.920517,-5479500458.0931396,5174841153.5798197,-12051748987.542643,0.0
-0.0,0.0,-0.0,0.0,0.0,0.0,-0.0,0.0,0.0,0.0,-0.0,0.0,-0.0,0.0
-23703587021.444942,0.0,-3149102436.6112719,0.0,0.0,8898839909.9746094,-7692761919.3830185,0.0,41265554638.190201,129749431357.16934,-11381414754.387554,10748610006.953331,-25032565430.376244,0.0
-33414837108.512516,0.0,-4439275155.3672237,0.0,0.0,12544653506.556303,-10844450935.556421,0.0,58171861717.809059,182907173914.20572,-16044327794.700922,15152265865.935549,-35288291831.419785,0.0
-0.0,0.0,-0.0,0.0,0.0,0.0,-0.0,0.0,0.0,0.0,-0.0,0.0,-0.0,0.0
-0.0,0.0,-0.0,0.0,0.0,0.0,-0.0,0.0,0.0,0.0,-0.0,0.0,-0.0,0.0
-0.0,0.0,-0.0,0.0,0.0,0.0,-0.0,0.0,0.0,0.0,-0.0,0.0,-0.0,0.0
-3927808400.5840187,0.0,-521822751.70550752,0.0,0.0,1474584337.0553253,-1274730903.1037762,0.0,6837918329.2386732,21500159701.340542,-1885959979.0685701,1781100921.2115083,-4148027076.9418445,0.0
-24955898925.340504,0.0,-3315476347.2091455,0.0,0.0,9368984919.674612,-8099187213.4434509,0.0,43445703374.645363,136604375179.18494,-11982719576.615395,11316482382.128471,-26355090145.523499,0.0
-41149799141.84803,0.0,-5466891261.0745735,0.0,0.0,15448525767.835197,-13354755444.493551,0.0,71637650592.807602,225247049498.71539,-19758314666.442574,18659755691.829674,-43456926520.581863,0.0
-19514397464.79401,0.0,-2592554306.2232084,0.0,0.0,7326127426.2713013,-6333202378.2331638,0.0,33972598074.978149,106818515359.89438,-9369951097.6060944,8848983391.4159756,-20608502457.027966,0.0
-0.0,0.0,-0.0,0.0,0.0,0.0,-0.0,0.0,0.0,0.0,-0.0,0.0,-0.0,0.0
-3587702008.0764456,0.0,-476638456.67101789,0.0,0.0,1346901031.7165291,-1164352777.5291979,0.0,6245827397.5952187,19638474759.358044,-1722655922.5877862,1626876542.8240361,-3788852091.4836283,0.0
-240148728.02378395,0.0,-31904578.150328208,0.0,0.0,90157033.33568351,-77937866.039357737,0.0,418074717.91470832,1314533571.3975859,-115308804.27103746,108897654.13387661,-253613039.31925085,0.0
0.0,0.0,-15135020766.94919,7911502852.3755817,0.0,4511256437.9258146,0.0,0.0,0.0,0.0,13322674292.232145,0.0,14723597654.443172,0.0
0.0,0.0,-0.0,0.0,0.0,0.0,0.0,0.0,0.0,0.0,0.0,0.0,0.0,0.0
0.0,0.0,-34582129526.994362,18077055896.183445,0.0,10307805774.969208,0.0,0.0,0.0,0.0,30441084628.442173,0.0,33642065579.533379,0.0
0.0,0.0,-0.0,0.0,0.0,0.0,0.0,0.0,0.0,0.0,0.0,0.0,0.0,0.0
0.0,0.0,-0.0,0.0,0.0,0.0,0.0,0.0,0.0,0.0,0.0,0.0,0.0,0.0
0.0,0.0,-97270420274.327286,50845996137.158485,0.0,28993142225.51683,0.0,0.0,0.0,0.0,85622751863.895554,0.0,94626268034.28389,0.0
0.0,0.0,-9948608479.1122894,5200418656.282443,0.0,2965355960.9119325,0.0,0.0,0.0,0.0,8757310113.3490505,0.0,9678170299.4357662,0.0
0.0,0.0,-0.0,0.0,0.0,0.0,0.0,0.0,0.0,0.0,0.0,0.0,0.0,0.0
0.0,0.0,-96982578098.884613,50695532901.784431,0.0,28907345853.839039,0.0,0.0,0.0,0.0,85369377414.660278,0.0,94346250421.856674,0.0
0.0,0.0,-147629263576.17038,77169985945.939972,0.0,44003472211.190887,0.0,0.0,0.0,0.0,129951364118.53537,0.0,143616180802.59964,0.0
0.0,0.0,-99588946564.219666,52057955317.012901,0.0,29684219351.398144,0.0,0.0,0.0,0.0,87663645700.372269,0.0,96881768622.573151,0.0
0.0,0.0,-44713739528.494797,23373134617.202934,0.0,13327708525.656715,0.0,0.0,0.0,0.0,39359482705.613777,0.0,43498262776.142456,0.0
0.0,0.0,-4283223034.4166822,2238961662.2230129,0.0,1276689195.6488104,0.0,0.0,0.0,0.0,3770327526.2847395,0.0,4166789963.0973892,0.0
0.0,0.0,-0.0,0.0,0.0,0.0,0.0,0.0,0.0,0.0,0.0,0.0,0.0,0.0
0.0,0.0,-0.0,0.0,0.0,0.0,0.0,0.0,0.0,0.0,0.0,0.0,0.0,0.0
0.0,0.0,-0.0,0.0,0.0,0.0,0.0,0.0,0.0,0.0,0.0,0.0,0.0,0.0
0.0,0.0,-12549080413.098972,0.0,35096983508.368507,6220974761.6578245,0.0,0.0,0.0,31343306046.389492,0.0,1223371632.3688972,2530000009.1122594,26911160716.681656
0.0,0.0,-60211358782.09433,0.0,168397762754.45538,29848668668.785175,0.0,0.0,0.0,150387357770.55222,0.0,5869821999.3483696,12139115636.580849,129121616868.7039
0.0,0.0,-0.0,0.0,0.0,0.0,0.0,0.0,0.0,0.0,0.0,0.0,0.0,0.0
0.0,0.0,-37467044575.005119,0.0,104786980580.95641,18573595117.911633,0.0,0.0,0.0,93579848571.398331,0.0,3652548073.0777388,7553670866.3709793,80347055317.660934
0.0,0.0,-0.0,0.0,0.0,0.0,0.0,0.0,0.0,0.0,0.0,0.0,0.0,0.0
0.0,0.0,-0.0,0.0,0.0,0.0,0.0,0.0,0.0,0.0,0.0,0.0,0.0,0.0
0.0,0.0,-0.0,0.0,0.0,0.0,0.0,0.0,0.0,0.0,0.0,0.0,0.0,0.0
0.0,0.0,-0.0,0.0,0.0,0.0,0.0,0.0,0.0,0.0,0.0,0.0,0.0,0.0
0.0,0.0,-21057868372.052013,0.0,58894168707.680855,10439049186.433397,0.0,0.0,0.0,52595344945.026169,0.0,2052867457.7330933,4245443125.6624522,45158024449.305115
0.0,0.0,-0.0,0.0,0.0,0.0,0.0,0.0,0.0,0.0,0.0,0.0,0.0,0.0
0.0,0.0,-113665615999.93852,0.0,317897417093.14893,56347629079.323723,0.0,0.0,0.0,283897789476.16675,0.0,11080914745.347589,22915942845.93314,243752813707.53323
0.0,0.0,-0.0,0.0,0.0,0.0,0.0,0.0,0.0,0.0,0.0,0.0,0.0,0.0
-0.0,0.0,0.0,0.0,0.0,0.0,-0.0,0.0,0.0,0.0,0.0,0.0,0.0,0.0
-0.0,0.0,0.0,0.0,0.0,0.0,-0.0,0.0,0.0,0.0,0.0,0.0,0.0,0.0
-9502749859.374649,0.0,0.0,0.0,0.0,0.0,-6996335878.0840635,35625478349.443344,39430875594.69886,4377408850.3233385,10909521169.6315,0.0,0.0,4382796801.5822182
-0.0,0.0,0.0,0.0,0.0,0.0,-0.0,0.0,0.0,0.0,0.0,0.0,0.0,0.0
-10545998591.249708,0.0,0.0,0.0,0.0,0.0,-7764420763.0484571,39536581520.683189,43759750033.113243,4857977769.8022957,12107210711.50177,0.0,0.0,4863957231.2452183
-26824288667.963776,0.0,0.0,0.0,0.0,0.0,-19749202703.322437,100563324229.46146,111305170086.0381,12356515782.948309,30795311821.741993,0.0,0.0,12371724850.011621
-0.0,0.0,0.0,0.0,0.0,0.0,-0.0,0.0,0.0,0.0,0.0,0.0,0.0,0.0
-0.0,0.0,0.0,0.0,0.0,0.0,-0.0,0.0,0.0,0.0,0.0,0.0,0.0,0.0
-0.0,0.0,0.0,0.0,0.0,0.0,-0.0,0.0,0.0,0.0,0.0,0.0,0.0,0.0
-30590988041.695663,0.0,0.0,0.0,0.0,0.0,-22522409865.499744,114684549030.02438,126934778000.18625,14091632819.499075,35119627116.31189,0.0,0.0,14108977562.333384
-0.0,0.0,0.0,0.0,0.0,0.0,-0.0,0.0,0.0,0.0,0.0,0.0,0.0,0.0
-28478600956.29615,0.0,0.0,0.0,0.0,0.0,-20967179035.194103,106765283397.42397,118169602276.85956,13118569015.887068,32694525754.321632,0.0,0.0,13134716059.231813
-14327926252.521433,0.0,0.0,0.0,0.0,0.0,-10548839649.837418,53714896641.00386,59452546468.51992,6600109664.3298168,16449008664.012957,0.0,0.0,6608233435.8098421
-26435753784.906162,0.0,0.0,0.0,0.0,0.0,-19463146500.386452,99106720481.156174,109692976682.5748,12177538533.107529,30349258879.74271,0.0,0.0,12192527305.304274
0.0,0.0,0.0,24371292017.106163,48383824878.001968,0.0,109850840988.0294,0.0,0.0,8974634692.0792217,0.0,0.0,31594455512.916862,-58644060121.352829
0.0,0.0,0.0,0.0,0.0,0.0,0.0,0.0,0.0,0.0,0.0,0.0,0.0,-0.0
0.0,0.0,0.0,0.0,0.0,0.0,0.0,0.0,0.0,0.0,0.0,0.0,0.0,-0.0
0.0,0.0,0.0,0.0,0.0,0.0,0.0,0.0,0.0,0.0,0.0,0.0,0.0,-0.0
0.0,0.0,0.0,0.0,0.0,0.0,0.0,0.0,0.0,0.0,0.0,0.0,0.0,-0.0
0.0,0.0,0.0,0.0,0.0,0.0,0.0,0.0,0.0,0.0,0.0,0.0,0.0,-0.0
0.0,0.0,0.0,31900207775.983307,63330826511.852783,0.0,143786576822.64053,0.0,0.0,11747129006.945009,0.0,0.0,41354791314.45668,-76760710978.528793
0.0,0.0,0.0,50420464319.420853,100098710982.82768,0.0,227264537497.9581,0.0,0.0,18567142355.612679,0.0,0.0,65364081467.754173,-121325563651.66142
0.0,0.0,0.0,49961001589.933479,99186549074.222992,0.0,225193561236.15726,0.0,0.0,18397946969.956451,0.0,0.0,64768443175.108757,-120219969417.5656
0.0,0.0,0.0,9925187609.8932247,19704270863.494812,0.0,44736660048.448296,0.0,0.0,3654912221.5851774,0.0,0.0,12866814700.592127,-23882742798.442623
0.0,0.0,0.0,33833293874.365086,67168542591.597565,0.0,152499743669.12772,0.0,0.0,12458980539.031864,0.0,0.0,43860805468.121277,-81412250063.682022
0.0,0.0,0.0,0.0,0.0,0.0,0.0,0.0,0.0,0.0,0.0,0.0,0.0,-0.0
0.0,0.0,0.0,0.0,0.0,0.0,0.0,0.0,0.0,0.0,0.0,0.0,0.0,-0.0
0.0,0.0,0.0,6602074259.9882689,13106962265.382854,0.0,29758102656.850784,0.0,0.0,2431188492.2549725,0.0,0.0,8558797020.4355488,-15886414210.483074
0.0,0.0,0.0,0.0,0.0,0.0,0.0,0.0,0.0,0.0,0.0,0.0,0.0,-0.0
0.0,0.0,0.0,0.0,0.0,0.0,0.0,0.0,0.0,0.0,0.0,0.0,0.0,-0.0
0.0,0.0,0.0,0.0,0.0,0.0,0.0,0.0,0.0,0.0,0.0,0.0,0.0,-0.0
102578532305.67606,0.0,39444280872.902344,0.0,33502074461.58897,0.0,0.0,0.0,0.0,4453987512.5745096,30270524046.757431,0.0,0.0,-465393717.77430636
166779796469.57034,0.0,64131441423.51123,0.0,54470160904.252113,0.0,0.0,0.0,0.0,7241623701.6493225,49216066228.177895,0.0,0.0,-756671671.7813729
0.0,0.0,0.0,0.0,0.0,0.0,0.0,0.0,0.0,0.0,0.0,0.0,0.0,-0.0
285373222467.01965,0.0,109733891561.74846,0.0,93202688062.87709,0.0,0.0,0.0,0.0,12390982213.545679,84212522823.458069,0.0,0.0,-1294724168.6144845
0.0,0.0,0.0,0.0,0.0,0.0,0.0,0.0,0.0,0.0,0.0,0.0,0.0,-0.0
0.0,0.0,0.0,0.0,0.0,0.0,0.0,0.0,0.0,0.0,0.0,0.0,0.0,-0.0
130297908378.70967,0.0,50103147117.821762,0.0,42555202639.132355,0.0,0.0,0.0,0.0,5657570290.6721907,38450403609.466354,0.0,0.0,-591155153.37928271
0.0,0.0,0.0,0.0,0.0,0.0,0.0,0.0,0.0,0.0,0.0,0.0,0.0,-0.0
0.0,0.0,0.0,0.0,0.0,0.0,0.0,0.0,0.0,0.0,0.0,0.0,0.0,-0.0
181648773949.99594,0.0,69848974233.23262,0.0,59326358195.440544,0.0,0.0,0.0,0.0,7887238710.3064775,53603843380.522797,0.0,0.0,-824131485.77536595
17542760726.305527,0.0,6745676369.3257351,0.0,5729452965.4915495,0.0,0.0,0.0,0.0,761711397.64615083,5176800140.1084528,0.0,0.0,-79590636.080768511
0.0,0.0,0.0,0.0,0.0,18561149722.129299,24658619076.244591,157200129423.79095,121626941405.38132,0.0,0.0,0.0,0.0,0.0
0.0,0.0,0.0,0.0,0.0,0.0,0.0,0.0,0.0,0.0,0.0,0.0,0.0,0.0
0.0,0.0,0.0,0.0,0.0,52403151240.34169,69617958163.972107,443818528513.60889,343385787021.99072,0.0,0.0,0.0,0.0,0.0
0.0,0.0,0.0,0.0,0.0,0.0,0.0,0.0,0.0,0.0,0.0,0.0,0.0,0.0
0.0,0.0,0.0,0.0,0.0,4289736969.8875508,5698945995.3349304,36331111862.98777,28109658878.45644,0.0,0.0,0.0,0.0,0.0
0.0,0.0,0.0,0.0,0.0,0.0,0.0,0.0,0.0,0.0,0.0,0.0,0.0,0.0
0.0,0.0,0.0,0.0,0.0,0.0,0.0,0.0,0.0,0.0,0.0,0.0,0.0,0.0
0.0,0.0,0.0,0.0,0.0,0.0,0.0,0.0,0.0,0.0,0.0,0.0,0.0,0.0
0.0,0.0,0.0,0.0,0.0,0.0,0.0,0.0,0.0,0.0,0.0,0.0,0.0,0.0
0.0,0.0,0.0,0.0,0.0,15291749251.117378,20315197357.801105,129510563590.02547,100203312725.5047,0.0,0.0,0.0,0.0,0.0
0.0,0.0,0.0,0.0,0.0,46516390025.675217,61797354130.364906,393961723375.65845,304811195897.92462,0.0,0.0,0.0,0.0,0.0
0.0,0.0,0.0,0.0,0.0,0.0,0.0,0.0,0.0,0.0,0.0,0.0,0.0,0.0
0.0,0.0,0.0,0.0,0.0,0.0,0.0,0.0,0.0,0.0,0.0,0.0,0.0,0.0
0.0,0.0,0.0,0.0,0.0,1662541881.4001656,2208698683.2972279,14080582444.576992,10894254236.415545,0.0,0.0,0.0,0.0,0.0
0.0,0.0,0.0,-0.0,-0.0,0.0,-0.0,0.0,0.0,0.0,0.0,-0.0,0.0,0.0
0.0,0.0,0.0,-0.0,-0.0,0.0,-0.0,0.0,0.0,0.0,0.0,-0.0,0.0,0.0
0.0,0.0,0.0,-0.0,-0.0,0.0,-0.0,0.0,0.0,0.0,0.0,-0.0,0.0,0.0
0.0,0.0,0.0,-0.0,-0.0,0.0,-0.0,0.0,0.0,0.0,0.0,-0.0,0.0,0.0
0.0,0.0,0.0,-0.0,-0.0,0.0,-0.0,0.0,0.0,0.0,0.0,-0.0,0.0,0.0
227893638342.51575,0.0,64013305430.01329,-152076404591.5188,-130959707468.94241,67247990980.045029,-19695175953.157692,0.0,0.0,0.0,0.0,-72536780168.238266,0.0,198435814477.3255
400980300718.53247,0.0,112631816526.33859,-267579397515.47723,-230424435121.71927,118323266248.30148,-34653786888.654228,0.0,0.0,0.0,0.0,-127628924337.49883,0.0,349149072967.34558
96617122302.943726,0.0,27138894287.394661,-64473868988.512138,-55521295659.283058,28510262139.836716,-8349909359.8403025,0.0,0.0,0.0,0.0,-30752481780.308456,0.0,84128269205.236664
262297068232.95172,0.0,73676924306.932465,-175034263184.7037,-150729733289.53253,77399926592.558502,-22668412108.46397,0.0,0.0,0.0,0.0,-83487125465.921768,0.0,228392212912.90485
0.0,0.0,0.0,-0.0,-0.0,0.0,-0.0,0.0,0.0,0.0,0.0,-0.0,0.0,0.0
0.0,0.0,0.0,-0.0,-0.0,0.0,-0.0,0.0,0.0,0.0,0.0,-0.0,0.0,0.0
0.0,0.0,0.0,-0.0,-0.0,0.0,-0.0,0.0,0.0,0.0,0.0,-0.0,0.0,0.0
0.0,0.0,0.0,-0.0,-0.0,0.0,-0.0,0.0,0.0,0.0,0.0,-0.0,0.0,0.0
0.0,0.0,0.0,-0.0,-0.0,0.0,-0.0,0.0,0.0,0.0,0.0,-0.0,0.0,0.0
0.0,17590666025.180164,0.0,-23588393426.534813,33883275480.861641,0.0,0.0,84462463452.818527,0.0,0.0,0.0,-43877123526.500946,-83473881462.940659,148576627301.9173
0.0,0.0,0.0,-0.0,0.0,0.0,0.0,0.0,0.0,0.0,0.0,-0.0,-0.0,0.0
0.0,5425892851.2002172,0.0,-7275909569.3775806,10451396322.554638,0.0,0.0,26052696128.014511,0.0,0.0,0.0,-13534028247.303501,-25747765095.612133,45828899188.861458
0.0,13785246934.111214,0.0,-18485475632.263206,26553248113.037815,0.0,0.0,66190553199.848045,0.0,0.0,0.0,-34385109790.92511,-65415832855.230392,116434789510.66962
0.0,35395994153.080231,0.0,-47464640316.120781,68180034746.32518,0.0,0.0,169955637737.1503,0.0,0.0,0.0,-88289687586.294785,-167966409911.24146,298966362259.11078
0.0,292023207.76252431,0.0,-391591671.65818489,562497337.01149976,0.0,0.0,1402164049.8267846,0.0,0.0,0.0,-728405527.18469894,-1385752568.6806386,2466525328.8951893
0.0,32319481370.671345,0.0,-43339157302.041397,62254032286.979149,0.0,0.0,155183607611.94769,0.0,0.0,0.0,-80615814909.081528,-153367277453.69766,272981110057.33307
0.0,0.0,0.0,-0.0,0.0,0.0,0.0,0.0,0.0,0.0,0.0,-0.0,-0.0,0.0
0.0,0.0,0.0,-0.0,0.0,0.0,0.0,0.0,0.0,0.0,0.0,-0.0,-0.0,0.0
0.0,0.0,0.0,-0.0,0.0,0.0,0.0,0.0,0.0,0.0,0.0,-0.0,-0.0,0.0
0.0,0.0,0.0,-0.0,0.0,0.0,0.0,0.0,0.0,0.0,0.0,-0.0,-0.0,0.0
0.0,4242739405.8575797,0.0,-5689347189.4908619,8172397104.0321798,0.0,0.0,20371725635.295189,0.0,0.0,0.0,-10582839827.388493,-20133286922.493069,35835590906.047195
0.0,0.0,0.0,-0.0,0.0,0.0,0.0,0.0,0.0,0.0,0.0,-0.0,-0.0,0.0
0.0,65107717721.748672,0.0,-87306896653.371674,125410984003.58002,0.0,0.0,312617965726.70142,0.0,0.0,0.0,-162400864692.47049,-308958961738.47046,549921480890.80737
0.0,0.0,0.0,0.0,0.0,0.0,-0.0,0.0,0.0,0.0,0.0,0.0,0.0,0.0
0.0,0.0,0.0,0.0,0.0,21075893916.539413,-17858949896.920113,10033741212.893032,0.0,25507873927.252743,0.0,25099367050.123837,0.0,17855112891.013741
0.0,0.0,0.0,0.0,0.0,0.0,-0.0,0.0,0.0,0.0,0.0,0.0,0.0,0.0
0.0,0.0,0.0,0.0,0.0,51971601898.202576,-44038854913.494385,24742466721.985115,0.0,62900538134.535912,0.0,61893190267.1147,0.0,44029393139.572159
0.0,0.0,0.0,0.0,0.0,166285074089.51877,-140903954941.61676,79164442921.761078,0.0,201252612233.48285,0.0,198029565249.16721,0.0,140873681643.88858
0.0,0.0,0.0,0.0,0.0,0.0,-0.0,0.0,0.0,0.0,0.0,0.0,0.0,0.0
0.0,0.0,0.0,0.0,0.0,0.0,-0.0,0.0,0.0,0.0,0.0,0.0,0.0,0.0
0.0,0.0,0.0,0.0,0.0,62862391417.368408,-53267315880.839256,29927317436.841072,0.0,76081515753.953598,0.0,74863075420.724747,0.0,53255871366.641556
0.0,0.0,0.0,0.0,0.0,0.0,-0.0,0.0,0.0,0.0,0.0,0.0,0.0,0.0
0.0,0.0,0.0,0.0,0.0,0.0,-0.0,0.0,0.0,0.0,0.0,0.0,0.0,0.0
0.0,0.0,0.0,0.0,0.0,0.0,-0.0,0.0,0.0,0.0,0.0,0.0,0.0,0.0
0.0,0.0,0.0,0.0,0.0,99415561234.946808,-84241149348.156906,47329428489.065216,0.0,120321330731.22246,0.0,118394392750.8488,0.0,84223050087.591537
0.0,0.0,0.0,0.0,0.0,150099907893.69159,-127189230749.64458,71459063034.213257,0.0,181663920980.35373,0.0,178754585562.6579,0.0,127161904068.48863
0.0,0.0,0.0,0.0,0.0,212176453319.80197,-179790649172.46149,101012257535.12112,0.0,256794337789.19849,0.0,252681793823.60468,0.0,179752021045.56897
-0.0,0.0,0.0,0.0,0.0,0.0,0.0,0.0,0.0,0.0,0.0,0.0,0.0,0.0
-0.0,0.0,0.0,0.0,0.0,0.0,0.0,0.0,0.0,0.0,0.0,0.0,0.0,0.0
-0.0,0.0,0.0,0.0,0.0,0.0,0.0,0.0,0.0,0.0,0.0,0.0,0.0,0.0
-0.0,0.0,0.0,0.0,0.0,0.0,0.0,0.0,0.0,0.0,0.0,0.0,0.0,0.0
-0.0,0.0,0.0,0.0,0.0,0.0,0.0,0.0,0.0,0.0,0.0,0.0,0.0,0.0
-310056358754.8374,124085908056.67444,0.0,405472679240.93927,0.0,0.0,141422541154.46579,414878349974.16614,0.0,0.0,0.0,0.0,0.0,0.0
-357527057035.64246,143083888700.94724,0.0,467551945393.24481,0.0,0.0,163074820140.80551,478397656767.14319,0.0,0.0,0.0,0.0,0.0,0.0
-51126515988.839577,20461054847.339958,0.0,66860120210.084465,0.0,0.0,23319766253.312843,68411061390.775795,0.0,0.0,0.0,0.0,0.0,0.0
-0.0,0.0,0.0,0.0,0.0,0.0,0.0,0.0,0.0,0.0,0.0,0.0,0.0,0.0
-18293363547.968433,7321083935.7608089,0.0,23922938268.098236,0.0,0.0,8343947434.6075048,24477874005.673141,0.0,0.0,0.0,0.0,0.0,0.0
-0.0,0.0,0.0,0.0,0.0,0.0,0.0,0.0,0.0,0.0,0.0,0.0,0.0,0.0
-114549226919.40923,45843100578.769165,0.0,149800449603.79816,0.0,0.0,52248058460.338364,153275341444.354,0.0,0.0,0.0,0.0,0.0,0.0
-0.0,0.0,0.0,0.0,0.0,0.0,0.0,0.0,0.0,0.0,0.0,0.0,0.0,0.0
-374294627811.03857,149794343709.59534,0.0,489479545504.28705,0.0,0.0,170722824773.14682,500833907145.3266,0.0,0.0,0.0,0.0,0.0,0.0
207536169905.08984,105186157287.32565,-141647411400.3288,190167524760.32083,218110599242.25742,0.0,-304466911606.33124,306525505778.19403,0.0,0.0,165111805435.36877,87498419626.070068,-135465836675.21146,0.0
325803226084.34644,165127791455.81461,-222366942696.44,298536843441.41809,342403624914.22607,0.0,-477971151161.96173,481202860712.62964,0.0,0.0,259202812213.67365,137360477474.8056,-212662721072.58661,0.0
0.0,0.0,-0.0,0.0,0.0,0.0,-0.0,0.0,0.0,0.0,0.0,0.0,-0.0,0.0
144752196485.39542,73365174437.601746,-98796146888.731674,132637924858.28346,152127642769.45575,0.0,-212359388882.89325,213795215843.49219,0.0,0.0,115162077595.28822,61028342363.968086,-94484626060.297073,0.0
0.0,0.0,-0.0,0.0,0.0,0.0,-0.0,0.0,0.0,0.0,0.0,0.0,-0.0,0.0
0.0,0.0,-0.0,0.0,0.0,0.0,-0.0,0.0,0.0,0.0,0.0,0.0,-0.0,0.0
186910592938.14487,94732436454.08931,-127570060029.03729,171268096673.39429,196434103265.50797,0.0,-274208062162.9003,276062066973.03943,0.0,0.0,148702491084.44934,78802560059.475571,-122002829036.52396,0.0
64879955099.249374,32883295306.958923,-44281812157.278557,59450169449.631035,68185733079.585854,0.0,-95182442478.627609,95826000165.45932,0.0,0.0,51617250756.346352,27353754958.428959,-42349328336.305664,0.0
0.0,0.0,-0.0,0.0,0.0,0.0,-0.0,0.0,0.0,0.0,0.0,0.0,-0.0,0.0
0.0,0.0,-0.0,0.0,0.0,0.0,-0.0,0.0,0.0,0.0,0.0,0.0,-0.0,0.0
0.0,0.0,-0.0,0.0,0.0,0.0,-0.0,0.0,0.0,0.0,0.0,0.0,-0.0,0.0
0.0,0.0,-0.0,0.0,0.0,0.0,-0.0,0.0,0.0,0.0,0.0,0.0,-0.0,0.0
0.0,0.0,-0.0,0.0,0.0,0.0,-0.0,0.0,0.0,0.0,0.0,0.0,-0.0,0.0
0.0,0.0,-0.0,0.0,0.0,0.0,-0.0,0.0,0.0,0.0,0.0,0.0,-0.0,0.0
0.0,52692393894.631027,-29815276163.908066,-30914393497.331985,0.0,17685696628.094921,7710748700.481637,16703638731.824755,2606388306.3351288,0.0,-29327239076.31778,15891693717.282675,3338335029.4860897,0.0
0.0,152165563245.68735,-86100819406.291214,-89274860207.094345,0.0,51072911854.94281,22267168605.036407,48236916336.79174,7526751308.0454082,0.0,-84691461568.678757,45892174309.899086,9640473558.2969704,0.0
0.0,385719102161.11353,-218253920587.2001,-226299684305.31406,0.0,129462917136.08571,56444257812.374649,122274052443.82968,19079295569.929447,0.0,-214681389272.28046,116330448844.42528,24437295311.754131,0.0
0.0,59948921834.5466,-33921284043.381973,-35171766214.303795,0.0,20121280632.406368,8772633713.6128006,19003978727.728657,2965326820.4024734,0.0,-33366036975.374096,18080216783.868813,3798073515.8928156,0.0
0.0,206145378968.98254,-116644565744.43018,-120944578374.01651,0.0,69190719271.9245,30166312355.706779,65348671449.976463,10196820934.42572,0.0,-114735246714.94365,62172146332.149017,13060373403.322641,0.0
0.0,0.0,-0.0,-0.0,0.0,0.0,0.0,0.0,0.0,0.0,-0.0,0.0,0.0,0.0
0.0,287184851416.58301,-162499651699.23288,-168490076972.37466,0.0,96390840934.17366,42025234691.112823,91038414707.595123,14205375447.271938,0.0,-159839744867.79019,86613140182.661057,18194642121.192814,0.0
0.0,534168013767.42285,-302251723090.2417,-313394001500.79279,0.0,179288370515.37463,78167549689.096436,169332779640.07184,26422205593.57682,0.0,-297304257574.73956,161101704457.31201,33842299811.937256,0.0
0.0,0.0,-0.0,-0.0,0.0,0.0,0.0,0.0,0.0,0.0,-0.0,0.0,0.0,0.0
0.0,0.0,-0.0,-0.0,0.0,0.0,0.0,0.0,0.0,0.0,-0.0,0.0,0.0,0.0
0.0,177053505542.04178,-100183323879.34807,-103876505427.97675,0.0,59426310981.789185,25909149060.565311,56126464830.794853,8757814028.4007874,0.0,-98543453856.263138,53398220761.65023,11217253116.764025,0.0
0.0,412882761784.18256,-233624108833.0358,-242236482775.59021,0.0,138580138956.81189,60419255675.590851,130885009802.97581,20422924878.941513,0.0,-229799987632.91855,124522837291.10611,26158253304.857723,0.0
0.0,114645810676.54697,-64870776476.615105,-67262187995.533951,0.0,38479766764.098602,16776710457.634417,36343048059.035759,5670865911.220439,0.0,-63808926683.665939,34576453536.814934,7263403642.8613291,0.0
0.0,0.0,-0.0,-0.0,0.0,0.0,0.0,0.0,0.0,0.0,-0.0,0.0,0.0,0.0
-0.0,0.0,0.0,0.0,0.0,0.0,0.0,0.0,0.0,0.0,0.0,-0.0,0.0,0.0
-133329600578.53207,216297987637.00745,0.0,0.0,0.0,0.0,0.0,0.0,356835504290.31281,0.0,0.0,-19647924731.885334,0.0,0.0
-161040264041.10211,261252451739.74722,0.0,0.0,0.0,0.0,0.0,0.0,430998694819.4942,0.0,0.0,-23731466778.218044,0.0,0.0
-197099171314.3205,319750107517.18756,0.0,0.0,0.0,0.0,0.0,0.0,527504634274.53436,0.0,0.0,-29045235760.829865,0.0,0.0
-0.0,0.0,0.0,0.0,0.0,0.0,0.0,0.0,0.0,0.0,0.0,-0.0,0.0,0.0
-125051468939.04788,202868537558.06546,0.0,0.0,0.0,0.0,0.0,0.0,334680399457.33124,0.0,0.0,-18428029774.820469,0.0,0.0
-116402948054.58147,188838212294.73517,0.0,0.0,0.0,0.0,0.0,0.0,311534006624.9599,0.0,0.0,-17153552939.64802,0.0,0.0
-150112897656.27985,243525200259.55411,0.0,0.0,0.0,0.0,0.0,0.0,401753333867.5849,0.0,0.0,-22121171155.07724,0.0,0.0
-189413791476.44754,307282267023.06702,0.0,0.0,0.0,0.0,0.0,0.0,506935935514.39154,0.0,0.0,-27912690820.057053,0.0,0.0
-0.0,0.0,0.0,0.0,0.0,0.0,0.0,0.0,0.0,0.0,0.0,-0.0,0.0,0.0
-5470160158.290823,8874133194.4029579,0.0,0.0,0.0,0.0,0.0,0.0,14640015046.642042,0.0,0.0,-806102280.32709944,0.0,0.0
-381865101986.47302,619492241408.34888,0.0,0.0,0.0,0.0,0.0,0.0,1022001308388.7921,0.0,0.0,-56273001261.596848,0.0,0.0
-242804065391.58963,393896257893.24786,0.0,0.0,0.0,0.0,0.0,0.0,649826525706.22339,0.0,0.0,-35780471708.529594,0.0,0.0
-0.0,0.0,0.0,0.0,0.0,0.0,0.0,0.0,0.0,0.0,0.0,-0.0,0.0,0.0
-12108507957.096371,0.0,196227890437.06888,112614642312.41115,0.0,0.0,0.0,-33851800943.379295,-45019403031.046478,-63020786043.887177,0.0,18041711615.895187,105564629492.69513,0.0
-1975750963.878087,0.0,32018597588.118748,18375384389.546841,0.0,0.0,0.0,-5523614352.8066282,-7345837261.4503145,-10283131432.192013,0.0,2943874607.9548612,17225030467.060173,0.0
-0.0,0.0,0.0,0.0,0.0,0.0,0.0,-0.0,-0.0,-0.0,0.0,0.0,0.0,0.0
-0.0,0.0,0.0,0.0,0.0,0.0,0.0,-0.0,-0.0,-0.0,0.0,0.0,0.0,0.0
-0.0,0.0,0.0,0.0,0.0,0.0,0.0,-0.0,-0.0,-0.0,0.0,0.0,0.0,0.0
-0.0,0.0,0.0,0.0,0.0,0.0,0.0,-0.0,-0.0,-0.0,0.0,0.0,0.0,0.0
-0.0,0.0,0.0,0.0,0.0,0.0,0.0,-0.0,-0.0,-0.0,0.0,0.0,0.0,0.0
-0.0,0.0,0.0,0.0,0.0,0.0,0.0,-0.0,-0.0,-0.0,0.0,0.0,0.0,0.0
-37814151323.596596,0.0,612808049446.64905,351688840668.30914,0.0,0.0,0.0,-105717164161.33719,-140592922327.50073,-196810172519.96899,0.0,56343194025.017662,329672069275.61261,0.0
-0.0,0.0,0.0,0.0,0.0,0.0,0.0,-0.0,-0.0,-0.0,0.0,0.0,0.0,0.0
-0.0,0.0,0.0,0.0,0.0,0.0,0.0,-0.0,-0.0,-0.0,0.0,0.0,0.0,0.0
-32100709914.022785,0.0,520217239835.01532,298551231724.92249,0.0,0.0,0.0,-89744074662.295959,-119350361111.59727,-167073596393.26178,0.0,47830149923.210495,279861033294.38721,0.0
-0.0,0.0,0.0,0.0,0.0,0.0,0.0,-0.0,-0.0,-0.0,0.0,0.0,0.0,0.0
-0.0,0.0,0.0,0.0,0.0,0.0,0.0,-0.0,-0.0,-0.0,0.0,0.0,0.0,0.0
0.0,0.0,0.0,130707276934.47195,-353409296149.5022,22684060127.980804,0.0,320808473364.61102,176166349324.31259,-241349854536.24731,0.0,0.0,285924777053.82001,0.0
0.0,0.0,0.0,0.0,-0.0,0.0,0.0,0.0,0.0,-0.0,0.0,0.0,0.0,0.0
0.0,0.0,0.0,120408436995.63237,-325563059434.10962,20896711252.690498,0.0,295530958633.26221,162285645228.46973,-222333135808.51224,0.0,0.0,263395859135.17984,0.0
0.0,0.0,0.0,10338393397.007597,-27953182251.55003,1794213321.1298661,0.0,25374594900.324718,13934013968.805088,-19089753845.588856,0.0,0.0,22615441897.822014,0.0
0.0,0.0,0.0,0.0,-0.0,0.0,0.0,0.0,0.0,-0.0,0.0,0.0,0.0,0.0
0.0,0.0,0.0,0.0,-0.0,0.0,0.0,0.0,0.0,-0.0,0.0,0.0,0.0,0.0
0.0,0.0,0.0,0.0,-0.0,0.0,0.0,0.0,0.0,-0.0,0.0,0.0,0.0,0.0
0.0,0.0,0.0,20398142432.833466,-55152959567.500092,3540068313.6982861,0.0,50065283944.610657,27492473025.745552,-37664993292.16478,0.0,0.0,44621343694.153488,0.0
0.0,0.0,0.0,64073262585.881783,-173242738763.7413,11119822669.266573,0.0,157261676899.37903,86357493046.937988,-118310724295.1593,0.0,0.0,140161540731.68875,0.0
0.0,0.0,0.0,39177745844.54837,-105929676666.64258,6799241505.597476,0.0,96158019117.461563,52803490532.894775,-72341368303.3134,0.0,0.0,85702100975.522629,0.0
0.0,0.0,0.0,0.0,-0.0,0.0,0.0,0.0,0.0,-0.0,0.0,0.0,0.0,0.0
0.0,0.0,0.0,31285625006.846962,-84590781573.776627,5429575272.6343298,0.0,76787565559.460114,42166545528.668182,-57768635546.309807,0.0,0.0,68437929125.833885,0.0
0.0,0.0,0.0,54147301126.572762,-146404699327.72635,9397186318.3932648,0.0,132899356628.3102,72979351945.45256,-99982522449.613693,0.0,0.0,118448301929.22662,0.0
0.0,0.0,0.0,0.0,-0.0,0.0,0.0,0.0,0.0,-0.0,0.0,0.0,0.0,0.0
0.0,0.0,-0.0,-0.0,-0.0,0.0,0.0,0.0,0.0,0.0,0.0,0.0,0.0,0.0
0.0,0.0,-0.0,-0.0,-0.0,0.0,0.0,0.0,0.0,0.0,0.0,0.0,0.0,0.0
0.0,0.0,-0.0,-0.0,-0.0,0.0,0.0,0.0,0.0,0.0,0.0,0.0,0.0,0.0
0.0,0.0,-21408234565.608521,-21127284172.449257,-247532189211.96609,0.0,0.0,281651498401.19031,0.0,0.0,0.0,26198703967.090164,0.0,0.0
0.0,0.0,-9051809547.2655945,-8933018367.0160809,-104661326775.81393,0.0,0.0,119087620906.63722,0.0,0.0,0.0,11077311301.337145,0.0,0.0
0.0,0.0,-12405166584.41939,-12242367712.87219,-143434435603.26932,0.0,0.0,163205132385.41223,0.0,0.0,0.0,15181041015.392323,0.0,0.0
0.0,0.0,-0.0,-0.0,-0.0,0.0,0.0,0.0,0.0,0.0,0.0,0.0,0.0,0.0
0.0,0.0,-35749590330.124611,-35280431538.550728,-413353764913.54993,0.0,0.0,470329566543.69012,0.0,0.0,0.0,43749190580.538727,0.0,0.0
0.0,0.0,-42715054309.624313,-42154484438.001778,-493891772026.5921,0.0,0.0,561968760839.38489,0.0,0.0,0.0,52273299760.727692,0.0,0.0
0.0,0.0,-28932669223.228722,-28552972113.291809,-334533281136.43591,0.0,0.0,380644635338.55817,0.0,0.0,0.0,35406863355.972572,0.0,0.0
0.0,0.0,-0.0,-0.0,-0.0,0.0,0.0,0.0,0.0,0.0,0.0,0.0,0.0,0.0
0.0,0.0,-0.0,-0.0,-0.0,0.0,0.0,0.0,0.0,0.0,0.0,0.0,0.0,0.0
0.0,0.0,-11860837641.591373,-11705182256.352062,-137140645498.49782,0.0,0.0,156043819671.80182,0.0,0.0,0.0,14514908888.04822,0.0,0.0
0.0,0.0,-0.0,-0.0,-0.0,0.0,0.0,0.0,0.0,0.0,0.0,0.0,0.0,0.0
-0.0,0.0,-0.0,0.0,0.0,0.0,0.0,0.0,0.0,0.0,0.0,0.0,0.0,0.0
-0.0,0.0,-0.0,0.0,0.0,0.0,0.0,0.0,0.0,0.0,0.0,0.0,0.0,0.0
-68879209063.952194,0.0,-33579799400.951908,13942585058.154669,207154118679.28104,112378676777.29137,0.0,187577581217.2193,0.0,0.0,0.0,0.0,0.0,0.0
-144736326620.85397,0.0,-70561449238.570267,29297643981.981033,435294286759.03558,236142038915.6272,0.0,394157982223.60461,0.0,0.0,0.0,0.0,0.0,0.0
-41370839792.319984,0.0,-20168996133.291435,8374318761.3573666,124422739062.56198,67497874847.976181,0.0,112664505975.42908,0.0,0.0,0.0,0.0,0.0,0.0
-0.0,0.0,-0.0,0.0,0.0,0.0,0.0,0.0,0.0,0.0,0.0,0.0,0.0,0.0
-0.0,0.0,-0.0,0.0,0.0,0.0,0.0,0.0,0.0,0.0,0.0,0.0,0.0,0.0
-158504688718.3446,0.0,-77273762628.872681,32084646943.607685,476702615262.26703,258605570871.54758,0.0,431653129085.29749,0.0,0.0,0.0,0.0,0.0,0.0
-0.0,0.0,-0.0,0.0,0.0,0.0,0.0,0.0,0.0,0.0,0.0,0.0,0.0,0.0
-0.0,0.0,-0.0,0.0,0.0,0.0,0.0,0.0,0.0,0.0,0.0,0.0,0.0,0.0
-0.0,0.0,-0.0,0.0,0.0,0.0,0.0,0.0,0.0,0.0,0.0,0.0,0.0,0.0
-2043938063.1463675,0.0,-996454969.23026109,413735591.4258371,6147140680.9128628,3334751633.6586261,0.0,5566221843.3262148,0.0,0.0,0.0,0.0,0.0,0.0
-0.0,0.0,-0.0,0.0,0.0,0.0,0.0,0.0,0.0,0.0,0.0,0.0,0.0,0.0
-0.0,0.0,-0.0,0.0,0.0,0.0,0.0,0.0,0.0,0.0,0.0,0.0,0.0,0.0
59635024927.427727,0.0,0.0,0.0,25476879397.212181,53183542139.643394,-58467362093.142769,30640561648.715244,31261787825.281284,0.0,54295784.840521052,0.0,-90152904038.89566,125398807179.92683
0.0,0.0,0.0,0.0,0.0,0.0,-0.0,0.0,0.0,0.0,0.0,0.0,-0.0,0.0
102365327918.99683,0.0,0.0,0.0,43731835729.457268,91291162159.21077,-100360999270.2562,52595452833.463982,53661806395.878601,0.0,93200360.469086677,0.0,-154750192458.57581,215250853558.71832
78427881880.80397,0.0,0.0,0.0,33505438967.915428,69943335581.84404,-76892252056.630173,40296358602.538185,41113352529.450699,0.0,71406080.659478769,0.0,-118562896850.94191,164915883735.59555
29196591989.579529,0.0,0.0,0.0,12473174176.305544,26038023498.798168,-28624918289.509789,15001250990.970024,15305395866.108713,0.0,26582564.167145859,0.0,-44137779083.726921,61393749959.319435
180401251217.89749,0.0,0.0,0.0,77069824754.457367,160884942328.22458,-176868967353.47406,92690422552.419632,94569686955.81691,0.0,164249575.36292997,0.0,-272720548190.19144,379342538114.47919
0.0,0.0,0.0,0.0,0.0,0.0,-0.0,0.0,0.0,0.0,0.0,0.0,-0.0,0.0
37053978904.172485,0.0,0.0,0.0,15829954844.108183,33045376452.675133,-36328456376.405731,19038387697.919979,19424384042.672249,0.0,33736463.907149985,0.0,-56016138309.195724,77916036113.138977
0.0,0.0,0.0,0.0,0.0,0.0,-0.0,0.0,0.0,0.0,0.0,0.0,-0.0,0.0
0.0,0.0,0.0,0.0,0.0,0.0,-0.0,0.0,0.0,0.0,0.0,0.0,-0.0,0.0
0.0,0.0,0.0,0.0,0.0,0.0,-0.0,0.0,0.0,0.0,0.0,0.0,-0.0,0.0
0.0,0.0,0.0,0.0,0.0,0.0,-0.0,0.0,0.0,0.0,0.0,0.0,-0.0,0.0
0.0,0.0,0.0,0.0,0.0,0.0,-0.0,0.0,0.0,0.0,0.0,0.0,-0.0,0.0
0.0,0.0,0.0,0.0,0.0,0.0,-0.0,0.0,0.0,0.0,0.0,0.0,-0.0,0.0
0.0,0.0,-159380037573.97275,155038834994.15649,0.0,0.0,0.0,0.0,0.0,83887936583.843353,0.0,84094783292.249405,-26746180298.249069,0.0
0.0,0.0,-0.0,0.0,0.0,0.0,0.0,0.0,0.0,0.0,0.0,0.0,-0.0,0.0
0.0,0.0,-0.0,0.0,0.0,0.0,0.0,0.0,0.0,0.0,0.0,0.0,-0.0,0.0
0.0,0.0,-0.0,0.0,0.0,0.0,0.0,0.0,0.0,0.0,0.0,0.0,-0.0,0.0
0.0,0.0,-36448517748.308868,35455730937.06221,0.0,0.0,0.0,0.0,0.0,19184277981.024502,0.0,19231581621.036625,-6116566680.1135054,0.0
0.0,0.0,-274697054048.27988,267214839977.72018,0.0,0.0,0.0,0.0,0.0,144583784773.3938,0.0,144940292290.29257,-46097974669.90287,0.0
0.0,0.0,-70192388589.837341,68280484294.493973,0.0,0.0,0.0,0.0,0.0,36944994695.209816,0.0,37036091828.552055,-11779256106.130646,0.0
0.0,0.0,-149180689842.47372,145117297679.56039,0.0,0.0,0.0,0.0,0.0,78519621651.056076,0.0,78713231435.075226,-25034588322.845005,0.0
0.0,0.0,-157197823532.76608,152916060223.82465,0.0,0.0,0.0,0.0,0.0,82739352131.94075,0.0,82943366717.840561,-26379974523.14756,0.0
0.0,0.0,-0.0,0.0,0.0,0.0,0.0,0.0,0.0,0.0,0.0,0.0,-0.0,0.0
0.0,0.0,-92039447282.329803,89532471552.69075,0.0,0.0,0.0,0.0,0.0,48443954678.129272,0.0,48563405375.99366,-15445495490.122705,0.0
0.0,0.0,-0.0,0.0,0.0,0.0,0.0,0.0,0.0,0.0,0.0,0.0,-0.0,0.0
0.0,0.0,-21054751154.735874,20481260638.472782,0.0,0.0,0.0,0.0,0.0,11081937591.069548,0.0,11109262882.485949,-3533279192.872364,0.0
0.0,0.0,-85707874132.684616,83373358154.655151,0.0,0.0,0.0,0.0,0.0,45111400520.542984,0.0,45222633971.850204,-14382969720.837671,0.0
0.0,0.0,0.0,-0.0
0.0,0.0,0.0,-0.0
287746215161.26141,0.0,0.0,-287746215161.26141
1233956578253.8455,0.0,0.0,-1233956578253.8455
0.0,0.0,0.0,-0.0
0.0,0.0,0.0,-0.0
0.0,0.0,0.0,-0.0
0.0,0.0,0.0,-0.0
0.0,0.0,0.0,-0.0
633436739849.92383,0.0,0.0,-633436739849.92383
0.0,0.0,0.0,-0.0
132970716976.00577,0.0,0.0,-132970716976.00577
979637234369.38013,0.0,0.0,-979637234369.38013
0.0,0.0,0.0,-0.0
