100.37133026123047,-0.0,-641.38623046875,-679.3963623046875,111.76840209960938,-0.0,-222.89508056640625,340.15106201171875,-0.0,-0.0,-0.0,-0.0,-394.46728515625,-113.18482208251953,-287.2392578125,-0.0,579.47674560546875,-0.0,-16.642177581787109,-0.0,-393.7886962890625,-0.0,-0.0,12.724716186523438,-0.0,31.957221984863281,-0.0,-0.0
-100.37133026123047,0.0,641.38623046875,679.3963623046875,-111.76840209960938,0.0,222.89508056640625,-340.15106201171875,0.0,0.0,0.0,0.0,394.46728515625,113.18482208251953,287.2392578125,0.0,-579.47674560546875,0.0,16.642177581787109,0.0,393.7886962890625,0.0,0.0,-12.724716186523438,0.0,-31.957221984863281,0.0,0.0
-100.37133026123047,0.0,641.38623046875,679.3963623046875,-111.76840209960938,0.0,222.89508056640625,-340.15106201171875,0.0,0.0,0.0,0.0,394.46728515625,113.18482208251953,287.2392578125,0.0,-579.47674560546875,0.0,16.642177581787109,0.0,393.7886962890625,0.0,0.0,-12.724716186523438,0.0,-31.957221984863281,0.0,0.0
-100.37133026123047,0.0,641.38623046875,679.3963623046875,-111.76840209960938,0.0,222.89508056640625,-340.15106201171875,0.0,0.0,0.0,0.0,394.46728515625,113.18482208251953,287.2392578125,0.0,-579.47674560546875,0.0,16.642177581787109,0.0,393.7886962890625,0.0,0.0,-12.724716186523438,0.0,-31.957221984863281,0.0,0.0
100.37133026123047,-0.0,-641.38623046875,-679.3963623046875,111.76840209960938,-0.0,-222.89508056640625,340.15106201171875,-0.0,-0.0,-0.0,-0.0,-394.46728515625,-113.18482208251953,-287.2392578125,-0.0,579.47674560546875,-0.0,-16.642177581787109,-0.0,-393.7886962890625,-0.0,-0.0,12.724716186523438,-0.0,31.957221984863281,-0.0,-0.0
100.37133026123047,-0.0,-641.38623046875,-679.3963623046875,111.76840209960938,-0.0,-222.89508056640625,340.15106201171875,-0.0,-0.0,-0.0,-0.0,-394.46728515625,-113.18482208251953,-287.2392578125,-0.0,579.47674560546875,-0.0,-16.642177581787109,-0.0,-393.7886962890625,-0.0,-0.0,12.724716186523438,-0.0,31.957221984863281,-0.0,-0.0
-100.37133026123047,0.0,641.38623046875,679.3963623046875,-111.76840209960938,0.0,222.89508056640625,-340.15106201171875,0.0,0.0,0.0,0.0,394.46728515625,113.18482208251953,287.2392578125,0.0,-579.47674560546875,0.0,16.642177581787109,0.0,393.7886962890625,0.0,0.0,-12.724716186523438,0.0,-31.957221984863281,0.0,0.0
100.37133026123047,-0.0,-641.38623046875,-679.3963623046875,111.76840209960938,-0.0,-222.89508056640625,340.15106201171875,-0.0,-0.0,-0.0,-0.0,-394.46728515625,-113.18482208251953,-287.2392578125,-0.0,579.47674560546875,-0.0,-16.642177581787109,-0.0,-393.7886962890625,-0.0,-0.0,12.724716186523438,-0.0,31.957221984863281,-0.0,-0.0
-100.37133026123047,0.0,641.38623046875,679.3963623046875,-111.76840209960938,0.0,222.89508056640625,-340.15106201171875,0.0,0.0,0.0,0.0,394.46728515625,113.18482208251953,287.2392578125,0.0,-579.47674560546875,0.0,16.642177581787109,0.0,393.7886962890625,0.0,0.0,-12.724716186523438,0.0,-31.957221984863281,0.0,0.0
-100.37133026123047,0.0,641.38623046875,679.3963623046875,-111.76840209960938,0.0,222.89508056640625,-340.15106201171875,0.0,0.0,0.0,0.0,394.46728515625,113.18482208251953,287.2392578125,0.0,-579.47674560546875,0.0,16.642177581787109,0.0,393.7886962890625,0.0,0.0,-12.724716186523438,0.0,-31.957221984863281,0.0,0.0
100.37133026123047,-0.0,-641.38623046875,-679.3963623046875,111.76840209960938,-0.0,-222.89508056640625,340.15106201171875,-0.0,-0.0,-0.0,-0.0,-394.46728515625,-113.18482208251953,-287.2392578125,-0.0,579.47674560546875,-0.0,-16.642177581787109,-0.0,-393.7886962890625,-0.0,-0.0,12.724716186523438,-0.0,31.957221984863281,-0.0,-0.0
100.37133026123047,-0.0,-641.38623046875,-679.3963623046875,111.76840209960938,-0.0,-222.89508056640625,340.15106201171875,-0.0,-0.0,-0.0,-0.0,-394.46728515625,-113.18482208251953,-287.2392578125,-0.0,579.47674560546875,-0.0,-16.642177581787109,-0.0,-393.7886962890625,-0.0,-0.0,12.724716186523438,-0.0,31.957221984863281,-0.0,-0.0
-100.37133026123047,0.0,641.38623046875,679.3963623046875,-111.76840209960938,0.0,222.89508056640625,-340.15106201171875,0.0,0.0,0.0,0.0,394.46728515625,113.18482208251953,287.2392578125,0.0,-579.47674560546875,0.0,16.642177581787109,0.0,393.7886962890625,0.0,0.0,-12.724716186523438,0.0,-31.957221984863281,0.0,0.0
-100.37133026123047,0.0,641.38623046875,679.3963623046875,-111.76840209960938,0.0,222.89508056640625,-340.15106201171875,0.0,0.0,0.0,0.0,394.46728515625,113.18482208251953,287.2392578125,0.0,-579.47674560546875,0.0,16.642177581787109,0.0,393.7886962890625,0.0,0.0,-12.724716186523438,0.0,-31.957221984863281,0.0,0.0
0.0,-150.44542748847084,-377.48297349662175,414.63385410711271,0.0,0.0,0.0,0.0,0.0,643.18320557863171,-270.1478942979877,0.0,0.0,37.919351374198186,0.0,0.0,0.0,273.46494434696126,-89.05824067895702,248.96543113806774,0.0,0.0,-195.64677655491369,0.0,0.0,0.0,-668.76385820656537,-128.16174048377758
0.0,-0.0,-0.0,0.0,0.0,0.0,0.0,0.0,0.0,0.0,-0.0,0.0,0.0,0.0,0.0,0.0,0.0,0.0,-0.0,0.0,0.0,0.0,-0.0,0.0,0.0,0.0,-0.0,-0.0
0.0,-68.040487012905714,-170.72054488168601,187.52241152459101,0.0,0.0,0.0,0.0,0.0,290.88619891385952,-122.17715486869588,0.0,0.0,17.149415424484459,0.0,0.0,0.0,123.67732476116828,-40.277502410454929,112.59716873289699,0.0,0.0,-88.483260551880903,0.0,0.0,0.0,-302.45531132869814,-57.962461103087492
0.0,-275.3556899279485,-690.89560472804146,758.89173151439081,0.0,0.0,0.0,0.0,0.0,1177.198657870448,-494.44347401455872,0.0,0.0,69.402635451069443,0.0,0.0,0.0,500.5145698265643,-163.00058908605087,455.67385598665226,0.0,0.0,-358.08634426317724,0.0,0.0,0.0,-1224.0181483046897,-234.57053539218839
0.0,-25.916207952070295,-65.026417903289143,71.426146785563105,0.0,0.0,0.0,0.0,0.0,110.79678515541718,-46.53653569482583,0.0,0.0,6.5321081007706425,0.0,0.0,0.0,47.107941288812469,-15.341455860851937,42.887577203005776,0.0,0.0,-33.702736141568266,0.0,0.0,0.0,-115.2033897569828,-22.077549137419823
0.0,-0.0,-0.0,0.0,0.0,0.0,0.0,0.0,0.0,0.0,-0.0,0.0,0.0,0.0,0.0,0.0,0.0,0.0,-0.0,0.0,0.0,0.0,-0.0,0.0,0.0,0.0,-0.0,-0.0
0.0,-172.35796280506736,-432.46376703913381,475.02571262521155,0.0,0.0,0.0,0.0,0.0,736.86351838417431,-309.49522025751196,0.0,0.0,43.4423449276794,0.0,0.0,0.0,313.29540214743577,-102.02966743940905,285.22750897916831,0.0,0.0,-224.14293607539062,0.0,0.0,0.0,-766.17002006906341,-146.82863326656067
0.0,-26.314411805512549,-66.02555212201915,72.523613164099061,0.0,0.0,0.0,0.0,0.0,112.49918339514022,-47.251571932912981,0.0,0.0,6.6324742740024192,0.0,0.0,0.0,47.83175720291645,-15.577178110515298,43.546547008257505,0.0,0.0,-34.22058039671316,0.0,0.0,0.0,-116.97349570055607,-22.416771802917033
0.0,-0.0,-0.0,0.0,0.0,0.0,0.0,0.0,0.0,0.0,-0.0,0.0,0.0,0.0,0.0,0.0,0.0,0.0,-0.0,0.0,0.0,0.0,-0.0,0.0,0.0,0.0,-0.0,-0.0
0.0,-0.0,-0.0,0.0,0.0,0.0,0.0,0.0,0.0,0.0,-0.0,0.0,0.0,0.0,0.0,0.0,0.0,0.0,-0.0,0.0,0.0,0.0,-0.0,0.0,0.0,0.0,-0.0,-0.0
0.0,-0.0,-0.0,0.0,0.0,0.0,0.0,0.0,0.0,0.0,-0.0,0.0,0.0,0.0,0.0,0.0,0.0,0.0,-0.0,0.0,0.0,0.0,-0.0,0.0,0.0,0.0,-0.0,-0.0
0.0,-0.0,-0.0,0.0,0.0,0.0,0.0,0.0,0.0,0.0,-0.0,0.0,0.0,0.0,0.0,0.0,0.0,0.0,-0.0,0.0,0.0,0.0,-0.0,0.0,0.0,0.0,-0.0,-0.0
0.0,-103.77625691013583,-260.38524859646822,286.01167935633657,0.0,0.0,0.0,0.0,0.0,443.66350441277359,-186.34622368000254,0.0,0.0,26.156516789957379,0.0,0.0,0.0,188.63430277826851,-61.431783065473425,171.73470124578432,0.0,0.0,-134.95584735507225,0.0,0.0,0.0,-461.30886873764695,-88.405117580020132
0.0,-146.11891634574823,-366.62731428327442,402.70980948912711,0.0,0.0,0.0,0.0,0.0,624.68653637304055,-262.37897839023861,0.0,0.0,36.828866279476017,0.0,0.0,0.0,265.60063667997144,-86.497102882473925,241.80568072256153,0.0,0.0,-190.0203645533428,0.0,0.0,0.0,-649.53154033101805,-124.47606383989101
0.0,-182.94929366125837,-459.03850002786419,504.21586088254298,0.0,0.0,0.0,0.0,0.0,782.14349960494519,-328.51358310428293,0.0,0.0,46.111860398909471,0.0,0.0,0.0,332.54728471708376,-108.2993514587084,302.75463025468594,0.0,0.0,-237.91643372189878,0.0,0.0,0.0,-813.25087460331872,-155.85119659220911
0.0,-0.0,-0.0,0.0,0.0,0.0,0.0,0.0,0.0,0.0,-0.0,0.0,0.0,0.0,0.0,0.0,0.0,0.0,-0.0,0.0,0.0,0.0,-0.0,0.0,0.0,0.0,-0.0,-0.0
0.0,-487.16383309396906,-1222.3439114519847,1342.6437816651232,0.0,0.0,0.0,0.0,0.0,2082.7193025548386,-874.77755811859106,0.0,0.0,122.7882885660124,0.0,0.0,0.0,885.5186410707222,-288.38333355854741,806.18570976780484,0.0,0.0,-633.53227273241737,0.0,0.0,0.0,-2165.5531180805679,-415.00606427441119
0.0,-0.0,-0.0,0.0,0.0,0.0,0.0,0.0,0.0,0.0,-0.0,0.0,0.0,0.0,0.0,0.0,0.0,0.0,-0.0,0.0,0.0,0.0,-0.0,0.0,0.0,0.0,-0.0,-0.0
0.0,-51.807919594675596,-129.99137205928528,142.78478072361446,0.0,0.0,0.0,0.0,0.0,221.48884386544108,-93.029084499983341,0.0,0.0,13.058041974903222,0.0,0.0,0.0,94.171355588560658,-30.668410794287876,85.734616555516169,0.0,0.0,-67.373616054174818,0.0,0.0,0.0,-230.29788789324232,-44.134230311559719
0.0,-0.0,-0.0,0.0,0.0,0.0,0.0,0.0,0.0,0.0,-0.0,0.0,0.0,0.0,0.0,0.0,0.0,0.0,-0.0,0.0,0.0,0.0,-0.0,0.0,0.0,0.0,-0.0,-0.0
0.0,-87.183249225149893,-218.7516942588943,240.28066019204925,0.0,0.0,0.0,0.0,0.0,372.72519773783006,-156.55092739881252,0.0,0.0,21.974295374089024,0.0,0.0,0.0,158.47316063607138,-51.609323874345762,144.27567253926964,0.0,0.0,-113.37746826364264,0.0,0.0,0.0,-387.54920701902961,-74.269834239943464
0.0,-0.0,-0.0,0.0,0.0,0.0,0.0,0.0,0.0,0.0,-0.0,0.0,0.0,0.0,0.0,0.0,0.0,0.0,-0.0,0.0,0.0,0.0,-0.0,0.0,0.0,0.0,-0.0,-0.0
0.0,-0.0,-0.0,0.0,0.0,0.0,0.0,0.0,0.0,0.0,-0.0,0.0,0.0,0.0,0.0,0.0,0.0,0.0,-0.0,0.0,0.0,0.0,-0.0,0.0,0.0,0.0,-0.0,-0.0
0.0,-33.336471752893203,-83.644619136946631,91.876702376310277,0.0,0.0,0.0,0.0,0.0,142.51984339205319,-59.860760128842003,0.0,0.0,8.4023649443972772,0.0,0.0,0.0,60.595769142452696,-19.733983108153495,55.167040973824896,0.0,0.0,-43.352419206408285,0.0,0.0,0.0,-148.18813599481132,-28.398737753372359
0.0,-0.0,-0.0,0.0,0.0,0.0,0.0,0.0,0.0,0.0,-0.0,0.0,0.0,0.0,0.0,0.0,0.0,0.0,-0.0,0.0,0.0,0.0,-0.0,0.0,0.0,0.0,-0.0,-0.0
0.0,-366.09631548740765,-918.57312025607655,1008.9766688096249,0.0,0.0,0.0,0.0,0.0,1565.1323252330922,-657.38221752704328,0.0,0.0,92.273557631588105,0.0,0.0,0.0,665.45398030168531,-216.71575082503242,605.83647203478677,0.0,0.0,-476.0900030626118,0.0,0.0,0.0,-1627.3806954972363,-311.8708342342934
0.0,-0.0,-0.0,0.0,0.0,0.0,0.0,0.0,0.0,0.0,-0.0,0.0,0.0,0.0,0.0,0.0,0.0,0.0,-0.0,0.0,0.0,0.0,-0.0,0.0,0.0,0.0,-0.0,-0.0
0.0,-0.0,-0.0,0.0,0.0,0.0,0.0,0.0,0.0,0.0,-0.0,0.0,0.0,0.0,0.0,0.0,0.0,0.0,-0.0,0.0,0.0,0.0,-0.0,0.0,0.0,0.0,-0.0,-0.0
0.0,0.0,0.0,0.0,-0.0,-0.0,-0.0,-0.0,-0.0,0.0,-0.0,0.0,0.0,-0.0,0.0,-0.0,0.0,0.0,0.0,0.0,0.0,0.0,-0.0,0.0,0.0,0.0,0.0,0.0
354.21769157671133,0.0,0.0,0.0,-94.30395906526384,-38.654533585463732,-397.9306488546319,-91.081642483424062,-220.96042890837882,0.0,-33.975191852397771,0.0,137.42325313237225,-97.81998425507814,0.0,-184.64615603457423,0.0,257.2497765424946,34.528175329424833,114.2554582207828,249.6128828170481,0.0,-87.188351371910272,0.0,0.0,255.54011656299315,0.0,0.0
833.53183931394437,0.0,0.0,0.0,-221.9125535609592,-90.96040441654938,-936.39553739613393,-214.32991855660043,-519.95582689215428,0.0,-79.949152256389326,0.0,323.37926555293234,-230.1863326895361,0.0,-434.50243655720107,0.0,605.35056408420371,81.250412316734923,268.86167604590656,587.37971106079408,0.0,-205.16837135459701,0.0,0.0,601.32745608818004,0.0,0.0
510.96147513809478,0.0,0.0,0.0,-136.03411456063412,-55.759432606787783,-574.01771898055597,-131.38590055785548,-318.73695014953995,0.0,-49.009449724905572,0.0,198.23399510689302,-141.10600526607379,0.0,-266.35335983937591,0.0,371.08458562869919,49.807132223176701,164.81429037382514,360.06831349938369,0.0,-125.76980114558121,0.0,0.0,368.61838925882802,0.0,0.0
0.0,0.0,0.0,0.0,-0.0,-0.0,-0.0,-0.0,-0.0,0.0,-0.0,0.0,0.0,-0.0,0.0,-0.0,0.0,0.0,0.0,0.0,0.0,0.0,-0.0,0.0,0.0,0.0,0.0,0.0
0.0,0.0,0.0,0.0,-0.0,-0.0,-0.0,-0.0,-0.0,0.0,-0.0,0.0,0.0,-0.0,0.0,-0.0,0.0,0.0,0.0,0.0,0.0,0.0,-0.0,0.0,0.0,0.0,0.0,0.0
0.0,0.0,0.0,0.0,-0.0,-0.0,-0.0,-0.0,-0.0,0.0,-0.0,0.0,0.0,-0.0,0.0,-0.0,0.0,0.0,0.0,0.0,0.0,0.0,-0.0,0.0,0.0,0.0,0.0,0.0
0.0,0.0,0.0,0.0,-0.0,-0.0,-0.0,-0.0,-0.0,0.0,-0.0,0.0,0.0,-0.0,0.0,-0.0,0.0,0.0,0.0,0.0,0.0,0.0,-0.0,0.0,0.0,0.0,0.0,0.0
0.0,0.0,0.0,0.0,-0.0,-0.0,-0.0,-0.0,-0.0,0.0,-0.0,0.0,0.0,-0.0,0.0,-0.0,0.0,0.0,0.0,0.0,0.0,0.0,-0.0,0.0,0.0,0.0,0.0,0.0
1282.2811107961045,0.0,0.0,0.0,-341.38381074195689,-139.9308375667043,-1440.5236287375767,-329.71890584263906,-799.88490400192052,0.0,-122.9914478694764,0.0,497.47724595972187,-354.11195163721698,0.0,-668.42589654494668,0.0,931.25368117171502,124.99326845618361,413.60897370687871,903.60784415632531,0.0,-315.62504839327636,0.0,0.0,925.06464897560852,0.0,0.0
1030.1341126813284,0.0,0.0,0.0,-274.25430040383361,-112.41492055048522,-1157.2599156239392,-264.88317549463926,-642.59601026145845,0.0,-98.806482409894244,0.0,399.65361497659671,-284.47958721249705,0.0,-536.98702416590402,0.0,748.13250890005986,100.41466618213632,332.27715010325858,725.92293290037924,0.0,-253.56072582613982,0.0,0.0,743.16048432914965,0.0,0.0
0.0,0.0,0.0,0.0,-0.0,-0.0,-0.0,-0.0,-0.0,0.0,-0.0,0.0,0.0,-0.0,0.0,-0.0,0.0,0.0,0.0,0.0,0.0,0.0,-0.0,0.0,0.0,0.0,0.0,0.0
0.0,0.0,0.0,0.0,-0.0,-0.0,-0.0,-0.0,-0.0,0.0,-0.0,0.0,0.0,-0.0,0.0,-0.0,0.0,0.0,0.0,0.0,0.0,0.0,-0.0,0.0,0.0,0.0,0.0,0.0
173.56562763584796,0.0,0.0,0.0,-46.208662731807969,-18.940607830365856,-194.98484820608363,-44.629737078831937,-108.26996064329383,0.0,-16.647744136271339,0.0,67.336990073841889,-47.931504739323593,0.0,-90.476073682353189,0.0,126.05163431005569,16.918704414498073,55.984838669801164,122.30957883353432,0.0,-42.722035878671477,0.0,0.0,125.21390594571227,0.0,0.0
0.0,0.0,0.0,0.0,-0.0,-0.0,-0.0,-0.0,-0.0,0.0,-0.0,0.0,0.0,-0.0,0.0,-0.0,0.0,0.0,0.0,0.0,0.0,0.0,-0.0,0.0,0.0,0.0,0.0,0.0
0.0,0.0,0.0,0.0,-0.0,-0.0,-0.0,-0.0,-0.0,0.0,-0.0,0.0,0.0,-0.0,0.0,-0.0,0.0,0.0,0.0,0.0,0.0,0.0,-0.0,0.0,0.0,0.0,0.0,0.0
0.0,0.0,0.0,0.0,-0.0,-0.0,-0.0,-0.0,-0.0,0.0,-0.0,0.0,0.0,-0.0,0.0,-0.0,0.0,0.0,0.0,0.0,0.0,0.0,-0.0,0.0,0.0,0.0,0.0,0.0
1483.7344871032162,0.0,0.0,0.0,-395.01707470531477,-161.91473753992713,-1666.8377701657284,-381.5195494418009,-925.55119761848437,0.0,-142.31407706645749,0.0,575.63364239320651,-409.74487615540505,0.0,-773.4392610376093,0.0,1077.5587282405238,144.63039461686316,478.58920582808577,1045.5695790132522,0.0,-365.21146989678357,0.0,0.0,1070.3973652337381,0.0,0.0
1784.9352551619372,0.0,0.0,0.0,-475.20625095735477,-194.78372032017279,-2005.2088338345329,-458.96870380205377,-1113.4397545156344,0.0,-171.20409053623479,0.0,692.48830656413622,-492.92382257666463,0.0,-930.44882137081981,0.0,1296.3050871042888,173.99062471320963,575.74367492819295,1257.8220830798489,0.0,-439.35005479382204,0.0,0.0,1287.689954533784,0.0,0.0
1394.4766383691708,0.0,0.0,0.0,-371.25381071982292,-152.1743417502685,-1566.564874410562,-358.56826366314226,-869.87229447865434,0.0,-133.75280921568233,0.0,541.0049261198036,-385.09562354766064,0.0,-726.91104108536638,0.0,1012.7354227210019,135.92978275047656,449.79844622058295,982.67066270735097,0.0,-343.24123841714157,0.0,0.0,1006.0048698500898,0.0,0.0
0.0,0.0,0.0,0.0,-0.0,-0.0,-0.0,-0.0,-0.0,0.0,-0.0,0.0,0.0,-0.0,0.0,-0.0,0.0,0.0,0.0,0.0,0.0,0.0,-0.0,0.0,0.0,0.0,0.0,0.0
0.0,0.0,0.0,0.0,-0.0,-0.0,-0.0,-0.0,-0.0,0.0,-0.0,0.0,0.0,-0.0,0.0,-0.0,0.0,0.0,0.0,0.0,0.0,0.0,-0.0,0.0,0.0,0.0,0.0,0.0
249.52852514989524,0.0,0.0,0.0,-66.432389970717381,-27.23017225086566,-280.32210214755258,-64.162430216156665,-155.65549449710502,0.0,-23.933811653722998,0.0,96.807761133509942,-68.909252648295521,0.0,-130.07391806099722,0.0,181.21951235709864,24.323360664786275,80.487216359104764,175.83970532500277,0.0,-61.419802696026601,0.0,0.0,180.01514300080291,0.0,0.0
0.0,0.0,0.0,0.0,-0.0,-0.0,-0.0,-0.0,-0.0,0.0,-0.0,0.0,0.0,-0.0,0.0,-0.0,0.0,0.0,0.0,0.0,0.0,0.0,-0.0,0.0,0.0,0.0,0.0,0.0
0.0,0.0,0.0,0.0,-0.0,-0.0,-0.0,-0.0,-0.0,0.0,-0.0,0.0,0.0,-0.0,0.0,-0.0,0.0,0.0,0.0,0.0,0.0,0.0,-0.0,0.0,0.0,0.0,0.0,0.0
0.0,0.0,0.0,0.0,-0.0,-0.0,-0.0,-0.0,-0.0,0.0,-0.0,0.0,0.0,-0.0,0.0,-0.0,0.0,0.0,0.0,0.0,0.0,0.0,-0.0,0.0,0.0,0.0,0.0,0.0
516.31530756358825,0.0,0.0,0.0,-137.45947417959795,-56.343677550570789,-580.0322520250586,-132.76255638982246,-322.07666224515793,0.0,-49.52296863750437,0.0,200.31108240697091,-142.58450793835684,0.0,-269.14419892203239,0.0,374.97279400410127,50.32900921878624,166.54120744081069,363.84109384781357,0.0,-127.08761172873544,0.0,0.0,372.48075693442178,0.0,0.0
718.76428833010664,0.0,0.0,0.0,-191.35779955693306,-78.436224344461053,-807.46486251321346,-184.81920439413673,-448.36401232955188,0.0,-68.941092366017401,0.0,278.85373623780845,-198.49237641010615,0.0,-374.67655086431114,0.0,522.00089650124573,70.063184189140216,231.84257892467863,506.50441901253043,0.0,-176.91909471137936,0.0,0.0,518.5317232564455,0.0,0.0
283.5849166635391,-233.10028524898232,1526.8496410361377,0.0,0.0,0.0,0.0,-478.08276367017129,0.0,0.0,0.0,1274.8433374326219,0.0,-20.799508255502595,0.0,-404.27346712684022,0.0,0.0,0.0,0.0,-386.76200744131825,-1336.7470122679547,-173.59026216780444,-647.02861458951577,0.0,0.0,0.0,0.0
0.0,-0.0,0.0,0.0,0.0,0.0,0.0,-0.0,0.0,0.0,0.0,0.0,0.0,-0.0,0.0,-0.0,0.0,0.0,0.0,0.0,-0.0,-0.0,-0.0,-0.0,0.0,0.0,0.0,0.0
0.0,-0.0,0.0,0.0,0.0,0.0,0.0,-0.0,0.0,0.0,0.0,0.0,0.0,-0.0,0.0,-0.0,0.0,0.0,0.0,0.0,-0.0,-0.0,-0.0,-0.0,0.0,0.0,0.0,0.0
0.0,-0.0,0.0,0.0,0.0,0.0,0.0,-0.0,0.0,0.0,0.0,0.0,0.0,-0.0,0.0,-0.0,0.0,0.0,0.0,0.0,-0.0,-0.0,-0.0,-0.0,0.0,0.0,0.0,0.0
272.51067920273761,-223.99751652136865,1467.2248355609045,0.0,0.0,0.0,0.0,-459.41321624469487,0.0,0.0,0.0,1225.0595971330633,0.0,-19.987269381167035,0.0,-388.48623687941506,0.0,0.0,0.0,0.0,-371.65861491391126,-1284.5458796652786,-166.81141156197381,-621.76158485394251,0.0,0.0,0.0,0.0
112.93745507920016,-92.831992984626979,608.06658822338682,0.0,0.0,0.0,0.0,-190.39605942864961,0.0,0.0,0.0,507.70528929483692,0.0,-8.2833867079831798,0.0,-161.001569020403,0.0,0.0,0.0,0.0,-154.02764489611218,-532.35837584897001,-69.132176232853979,-257.67860277935495,0.0,0.0,0.0,0.0
161.86318951384396,-133.0478224684725,871.4876507321386,0.0,0.0,0.0,0.0,-272.87770410955915,0.0,0.0,0.0,727.64874505699879,0.0,-11.871839963017459,0.0,-230.74920060931376,0.0,0.0,0.0,0.0,-220.75409666976032,-762.98181696139443,-99.08098721753268,-369.30777735418258,0.0,0.0,0.0,0.0
81.024576229532684,-66.600339868182743,436.24444694266424,0.0,0.0,0.0,0.0,-136.59560524151055,0.0,0.0,0.0,364.24236658917454,0.0,-5.9427396986147327,0.0,-115.50715299029737,0.0,0.0,0.0,0.0,-110.50385938472323,-381.92919944190544,-49.597410169763798,-184.86603562098946,0.0,0.0,0.0,0.0
89.885625922504076,-73.883919105535753,483.95322744515084,0.0,0.0,0.0,0.0,-151.53404123477844,0.0,0.0,0.0,404.07682004547979,0.0,-6.5926525304034822,0.0,-128.13930326086691,0.0,0.0,0.0,0.0,-122.58883699076782,-423.69792904148051,-55.021506618129713,-205.08344624390529,0.0,0.0,0.0,0.0
0.0,-0.0,0.0,0.0,0.0,0.0,0.0,-0.0,0.0,0.0,0.0,0.0,0.0,-0.0,0.0,-0.0,0.0,0.0,0.0,0.0,-0.0,-0.0,-0.0,-0.0,0.0,0.0,0.0,0.0
218.41646364656359,-179.53331431760841,1175.9761521830451,0.0,0.0,0.0,0.0,-368.21826703535743,0.0,0.0,0.0,981.88146514075981,0.0,-16.019734378695453,0.0,-311.37051319532526,0.0,0.0,0.0,0.0,-297.88322641434667,-1029.5595359751899,-133.6988286692135,-498.33998062897439,0.0,0.0,0.0,0.0
0.0,-0.0,0.0,0.0,0.0,0.0,0.0,-0.0,0.0,0.0,0.0,0.0,0.0,-0.0,0.0,-0.0,0.0,0.0,0.0,0.0,-0.0,-0.0,-0.0,-0.0,0.0,0.0,0.0,0.0
258.97257728830971,-212.86950782784893,1394.3343366882875,0.0,0.0,0.0,0.0,-436.58995309569866,0.0,0.0,0.0,1164.1996641361009,0.0,-18.994318607035886,0.0,-369.18656655965736,0.0,0.0,0.0,0.0,-353.19492673552486,-1220.7307180593396,-158.52436058539365,-590.87299095789717,0.0,0.0,0.0,0.0
312.63485469473142,-256.97866679763968,1683.257421735113,0.0,0.0,0.0,0.0,-527.05671765121974,0.0,0.0,0.0,1405.4360374521202,0.0,-22.930173147734891,0.0,-445.68652712263628,0.0,0.0,0.0,0.0,-426.38122443345526,-1473.681015411142,-191.37254205110369,-713.30908316794319,0.0,0.0,0.0,0.0
0.0,-0.0,0.0,0.0,0.0,0.0,0.0,-0.0,0.0,0.0,0.0,0.0,0.0,-0.0,0.0,-0.0,0.0,0.0,0.0,0.0,-0.0,-0.0,-0.0,-0.0,0.0,0.0,0.0,0.0
48.064763856087545,-39.508131451758153,258.78551053977668,0.0,0.0,0.0,0.0,-81.030173994535744,0.0,0.0,0.0,216.07300094844473,0.0,-3.525305451310738,0.0,-68.52024768929347,0.0,0.0,0.0,0.0,-65.552233083782454,-226.56504526374403,-29.421786803672386,-109.66478025089914,0.0,0.0,0.0,0.0
0.0,-0.0,0.0,0.0,0.0,0.0,0.0,-0.0,0.0,0.0,0.0,0.0,0.0,-0.0,0.0,-0.0,0.0,0.0,0.0,0.0,-0.0,-0.0,-0.0,-0.0,0.0,0.0,0.0,0.0
30.998437300148364,-25.48000317488783,166.89869623978495,0.0,0.0,0.0,0.0,-52.258839250941222,0.0,0.0,0.0,139.35209152820894,0.0,-2.2735773824567875,0.0,-44.190804892890071,0.0,0.0,0.0,0.0,-42.27664143355571,-146.11873203084383,-18.975010804644985,-70.726173227864436,0.0,0.0,0.0,0.0
41.904599092805014,-34.444617565349439,225.61856545609024,0.0,0.0,0.0,0.0,-70.645035640411251,0.0,0.0,0.0,188.38025516226645,0.0,-3.0734887631856433,0.0,-59.738429543868058,0.0,0.0,0.0,0.0,-57.150807091005916,-197.52759877583287,-25.650977591263477,-95.609720767045033,0.0,0.0,0.0,0.0
44.990227463057231,-36.980933183755603,242.2318981569978,0.0,0.0,0.0,0.0,-75.846954544509771,0.0,0.0,0.0,202.25155979965754,0.0,-3.2998038772458886,0.0,-64.137244876443859,0.0,0.0,0.0,0.0,-61.359083880679293,-212.07246439644578,-27.53977705227291,-102.64990426139902,0.0,0.0,0.0,0.0
278.13992275395424,-228.62462537103093,1497.5332475759121,0.0,0.0,0.0,0.0,-468.90329895431654,0.0,0.0,0.0,1250.3656103036037,0.0,-20.400145704397872,0.0,-396.51118346164759,0.0,0.0,0.0,0.0,-379.33595389886079,-1311.0806988896222,-170.25722904535397,-634.6052921250598,0.0,0.0,0.0,0.0
0.0,-0.0,0.0,0.0,0.0,0.0,0.0,-0.0,0.0,0.0,0.0,0.0,0.0,-0.0,0.0,-0.0,0.0,0.0,0.0,0.0,-0.0,-0.0,-0.0,-0.0,0.0,0.0,0.0,0.0
458.64517605563395,-376.99579591351232,2469.3916399452041,0.0,0.0,0.0,0.0,-773.20880070932787,0.0,0.0,0.0,2061.8189211870467,0.0,-33.639286030977111,0.0,-653.83616902658287,0.0,0.0,0.0,0.0,-625.51468209790244,-2161.9364527447201,-280.74954511053056,-1046.4468856202598,0.0,0.0,0.0,0.0
0.0,-0.0,0.0,0.0,0.0,0.0,0.0,-0.0,0.0,0.0,0.0,0.0,0.0,-0.0,0.0,-0.0,0.0,0.0,0.0,0.0,-0.0,-0.0,-0.0,-0.0,0.0,0.0,0.0,0.0
0.0,-0.0,0.0,0.0,0.0,0.0,0.0,-0.0,0.0,0.0,0.0,0.0,0.0,-0.0,0.0,-0.0,0.0,0.0,0.0,0.0,-0.0,-0.0,-0.0,-0.0,0.0,0.0,0.0,0.0
175.82170333188466,-144.52140008648649,946.64168947024177,0.0,0.0,0.0,0.0,-296.40972034431104,0.0,0.0,0.0,790.39862100510231,0.0,-12.895625807514076,0.0,-250.6482024446351,0.0,0.0,0.0,0.0,-239.79115579363474,-828.77869311932113,-107.62538408339793,-401.15558493039094,0.0,0.0,0.0,0.0
0.0,-0.0,0.0,0.0,0.0,0.0,0.0,-0.0,0.0,0.0,0.0,0.0,0.0,-0.0,0.0,-0.0,0.0,0.0,0.0,0.0,-0.0,-0.0,-0.0,-0.0,0.0,0.0,0.0,0.0
0.0,-0.0,0.0,0.0,0.0,0.0,0.0,-0.0,0.0,0.0,0.0,0.0,0.0,-0.0,0.0,-0.0,0.0,0.0,0.0,0.0,-0.0,-0.0,-0.0,-0.0,0.0,0.0,0.0,0.0
0.0,-198.10084085625181,145.51961624725215,-123.71506024050531,-74.071933515232374,0.0,0.0,0.0,-342.16079258024592,0.0,0.0,307.12269105768382,97.656291863054989,269.13984507234608,0.0,0.0,199.05932576863393,-151.3176716630889,0.0,0.0,0.0,0.0,171.7353885308375,57.338028558148977,333.99950523165347,0.0,0.0,0.0
0.0,-471.25525515366849,346.17159416412716,-294.30148821173407,-176.20716690332407,0.0,0.0,0.0,-813.95450374685561,0.0,0.0,730.60357296965265,232.31118323560986,640.2474911937486,0.0,0.0,473.53536184071356,-359.96438814003938,0.0,0.0,0.0,0.0,408.53539031538207,136.39945777810203,794.53989886572754,0.0,0.0,0.0
0.0,-1436.8725960499626,1055.4884465387406,-897.33480690898546,-537.26138134720247,0.0,0.0,0.0,-2481.7737480379565,0.0,0.0,2227.6340499035196,708.32435139283939,1952.1354185982611,0.0,0.0,1443.8247154775049,-1097.543123850485,0.0,0.0,0.0,0.0,1245.6376887921017,415.88638185800193,2422.5779864803812,0.0,0.0,0.0
0.0,-0.0,0.0,-0.0,-0.0,0.0,0.0,0.0,-0.0,0.0,0.0,0.0,0.0,0.0,0.0,0.0,0.0,-0.0,0.0,0.0,0.0,0.0,0.0,0.0,0.0,0.0,0.0,0.0
0.0,-0.0,0.0,-0.0,-0.0,0.0,0.0,0.0,-0.0,0.0,0.0,0.0,0.0,0.0,0.0,0.0,0.0,-0.0,0.0,0.0,0.0,0.0,0.0,0.0,0.0,0.0,0.0,0.0
0.0,-0.0,0.0,-0.0,-0.0,0.0,0.0,0.0,-0.0,0.0,0.0,0.0,0.0,0.0,0.0,0.0,0.0,-0.0,0.0,0.0,0.0,0.0,0.0,0.0,0.0,0.0,0.0,0.0
0.0,-0.0,0.0,-0.0,-0.0,0.0,0.0,0.0,-0.0,0.0,0.0,0.0,0.0,0.0,0.0,0.0,0.0,-0.0,0.0,0.0,0.0,0.0,0.0,0.0,0.0,0.0,0.0,0.0
0.0,-821.11060511554047,603.16604228684969,-512.78807064579405,-307.02166577326312,0.0,0.0,0.0,-1418.2264660160943,0.0,0.0,1272.996609247504,404.77676196841003,1115.561045035729,0.0,0.0,825.08344098538566,-627.19847329730544,0.0,0.0,0.0,0.0,711.82811838053954,237.6610978631696,1384.3986459808059,0.0,0.0,0.0
0.0,-0.0,0.0,-0.0,-0.0,0.0,0.0,0.0,-0.0,0.0,0.0,0.0,0.0,0.0,0.0,0.0,0.0,-0.0,0.0,0.0,0.0,0.0,0.0,0.0,0.0,0.0,0.0,0.0
0.0,-0.0,0.0,-0.0,-0.0,0.0,0.0,0.0,-0.0,0.0,0.0,0.0,0.0,0.0,0.0,0.0,0.0,-0.0,0.0,0.0,0.0,0.0,0.0,0.0,0.0,0.0,0.0,0.0
0.0,-0.0,0.0,-0.0,-0.0,0.0,0.0,0.0,-0.0,0.0,0.0,0.0,0.0,0.0,0.0,0.0,0.0,-0.0,0.0,0.0,0.0,0.0,0.0,0.0,0.0,0.0,0.0,0.0
0.0,-469.96124771730041,345.22105066947324,-293.4933734796108,-175.72332426852967,0.0,0.0,0.0,-811.71948743840017,0.0,0.0,728.59742779435567,231.6732860548976,638.48945241187744,0.0,0.0,472.23509351923809,-358.97597137441835,0.0,0.0,0.0,0.0,407.41360370970216,136.02492208698516,792.35819261125152,0.0,0.0,0.0
0.0,-0.0,0.0,-0.0,-0.0,0.0,0.0,0.0,-0.0,0.0,0.0,0.0,0.0,0.0,0.0,0.0,0.0,-0.0,0.0,0.0,0.0,0.0,0.0,0.0,0.0,0.0,0.0,0.0
0.0,-974.82864359792893,716.08323069226958,-608.7858276906544,-364.49841487409907,0.0,0.0,0.0,-1683.7290537571544,0.0,0.0,1511.3110830213786,480.55399524903646,1324.4024052397249,0.0,0.0,979.54522401731515,-744.61471229575818,0.0,0.0,0.0,0.0,845.08765907136888,282.15303056930821,1643.5684131376913,0.0,0.0,0.0
0.0,-0.0,0.0,-0.0,-0.0,0.0,0.0,0.0,-0.0,0.0,0.0,0.0,0.0,0.0,0.0,0.0,0.0,-0.0,0.0,0.0,0.0,0.0,0.0,0.0,0.0,0.0,0.0,0.0
0.0,-278.76033381815517,204.76993750677292,-174.08735541915837,-104.23134411754182,0.0,0.0,0.0,-481.47628423427676,0.0,0.0,432.17193582986368,137.4183996469861,378.72384959019246,0.0,0.0,280.10907909849038,-212.92875125147393,0.0,0.0,0.0,0.0,241.65982349355602,80.683998675920321,469.99201604113779,0.0,0.0,0.0
0.0,-0.0,0.0,-0.0,-0.0,0.0,0.0,0.0,-0.0,0.0,0.0,0.0,0.0,0.0,0.0,0.0,0.0,-0.0,0.0,0.0,0.0,0.0,0.0,0.0,0.0,0.0,0.0,0.0
0.0,-0.0,0.0,-0.0,-0.0,0.0,0.0,0.0,-0.0,0.0,0.0,0.0,0.0,0.0,0.0,0.0,0.0,-0.0,0.0,0.0,0.0,0.0,0.0,0.0,0.0,0.0,0.0,0.0
0.0,-0.0,0.0,-0.0,-0.0,0.0,0.0,0.0,-0.0,0.0,0.0,0.0,0.0,0.0,0.0,0.0,0.0,-0.0,0.0,0.0,0.0,0.0,0.0,0.0,0.0,0.0,0.0,0.0
0.0,-0.0,0.0,-0.0,-0.0,0.0,0.0,0.0,-0.0,0.0,0.0,0.0,0.0,0.0,0.0,0.0,0.0,-0.0,0.0,0.0,0.0,0.0,0.0,0.0,0.0,0.0,0.0,0.0
0.0,-492.20523116188679,361.56089012030765,-307.38486298536554,-184.04057752045767,0.0,0.0,0.0,-850.13941020422203,0.0,0.0,763.08305655703816,242.63873642892079,668.71013311263221,0.0,0.0,494.58670155759586,-375.9668522247905,0.0,0.0,0.0,0.0,426.69711165857319,142.46318934763841,829.86171572988394,0.0,0.0,0.0
0.0,-905.53022686693907,665.1784542882499,-565.50858685013179,-338.58702704443573,0.0,0.0,0.0,-1564.0364714806497,0.0,0.0,1403.8753137411154,446.39247235656262,1230.2535613371833,0.0,0.0,909.91151599426655,-691.68169583632357,0.0,0.0,0.0,0.0,785.01224257929982,262.09539436553638,1526.7307621643531,0.0,0.0,0.0
0.0,-680.16907588518336,499.63413824114718,-424.76931361398971,-254.32218434975096,0.0,0.0,0.0,-1174.7915308563581,0.0,0.0,1054.4900064894553,335.29786902351583,924.07785305451375,0.0,0.0,683.45998466824062,-519.5414641115226,0.0,0.0,0.0,0.0,589.64464769012784,196.86718001249548,1146.7701693622207,0.0,0.0,0.0
0.0,-38.966828846063855,28.623997533489597,-24.334998060762203,-14.570096437296323,0.0,0.0,0.0,-67.303707468777404,0.0,0.0,60.411643309840244,19.209186565392763,52.940342066494964,0.0,0.0,39.155364731983845,-29.764486549348181,0.0,0.0,0.0,0.0,33.780692009022495,11.278504096897686,65.698366038112226,0.0,0.0,0.0
0.0,-0.0,0.0,-0.0,-0.0,0.0,0.0,0.0,-0.0,0.0,0.0,0.0,0.0,0.0,0.0,0.0,0.0,-0.0,0.0,0.0,0.0,0.0,0.0,0.0,0.0,0.0,0.0,0.0
0.0,-0.0,0.0,-0.0,-0.0,0.0,0.0,0.0,-0.0,0.0,0.0,0.0,0.0,0.0,0.0,0.0,0.0,-0.0,0.0,0.0,0.0,0.0,0.0,0.0,0.0,0.0,0.0,0.0
0.0,-0.0,0.0,-0.0,-0.0,0.0,0.0,0.0,-0.0,0.0,0.0,0.0,0.0,0.0,0.0,0.0,0.0,-0.0,0.0,0.0,0.0,0.0,0.0,0.0,0.0,0.0,0.0,0.0
0.0,-0.0,0.0,-0.0,-0.0,0.0,0.0,0.0,-0.0,0.0,0.0,0.0,0.0,0.0,0.0,0.0,0.0,-0.0,0.0,0.0,0.0,0.0,0.0,0.0,0.0,0.0,0.0,0.0
0.0,0.0,0.0,0.0,-0.0,0.0,-0.0,0.0,0.0,0.0,0.0,0.0,0.0,0.0,0.0,0.0,0.0,0.0,0.0,0.0,0.0,0.0,0.0,0.0,0.0,0.0,-0.0,0.0
121.54621206931132,0.0,0.0,361.4097492006166,-226.86121914116501,0.0,-257.27985171735901,259.3847061462892,0.0,131.41750650697719,0.0,0.0,0.0,0.0,0.0,91.934819559677294,103.35675421232148,0.0,0.0,37.868290538662791,325.60639744370496,74.268932755931331,69.365482833518513,0.0,384.12198268780907,53.836642522342657,-12.287630106545095,90.81055673896239
313.44621023673568,0.0,0.0,932.01190148931516,-585.03500996751939,0.0,-663.47929004228342,668.90733779972356,0.0,338.90253486372546,0.0,0.0,0.0,0.0,0.0,237.08365969764969,266.53881152419439,0.0,0.0,97.655632005371288,839.68138183826113,191.52645824452915,178.88132707096804,0.0,990.5827396205168,138.83519102080572,-31.687627480246487,234.18438447990619
140.56000439989015,0.0,0.0,417.94602294009348,-262.34971388876181,0.0,-297.52681283702276,299.96093515769894,0.0,151.9754912831811,0.0,0.0,0.0,0.0,0.0,106.31642419627536,119.52512200510061,0.0,0.0,43.792126419336455,376.54185908501148,85.887016446023921,80.216507008214734,0.0,444.21119060381824,62.258449531118096,-14.20981627017138,105.01628999763652
267.27479903882875,0.0,0.0,794.72421594829234,-498.85788889152769,0.0,-565.74713019673629,570.37561293528097,0.0,288.98134334130145,0.0,0.0,0.0,0.0,0.0,202.16064329895949,227.27697754703348,0.0,0.0,83.270713018135638,715.99421290806447,163.31413163127056,152.53165992526212,0.0,844.66742304347258,118.38441993469129,-27.019960650995138,199.6884385765116
0.0,0.0,0.0,0.0,-0.0,0.0,-0.0,0.0,0.0,0.0,0.0,0.0,0.0,0.0,0.0,0.0,0.0,0.0,0.0,0.0,0.0,0.0,0.0,0.0,0.0,0.0,-0.0,0.0
0.0,0.0,0.0,0.0,-0.0,0.0,-0.0,0.0,0.0,0.0,0.0,0.0,0.0,0.0,0.0,0.0,0.0,0.0,0.0,0.0,0.0,0.0,0.0,0.0,0.0,0.0,-0.0,0.0
0.0,0.0,0.0,0.0,-0.0,0.0,-0.0,0.0,0.0,0.0,0.0,0.0,0.0,0.0,0.0,0.0,0.0,0.0,0.0,0.0,0.0,0.0,0.0,0.0,0.0,0.0,-0.0,0.0
321.13874407711023,0.0,0.0,954.88515009686239,-599.39282149945655,0.0,-679.76226531636053,685.32352712998511,0.0,347.21981270242998,0.0,0.0,0.0,0.0,0.0,242.9021191833987,273.08015342102101,0.0,0.0,100.05227688213375,860.2886734052729,196.22686205627204,183.27139661708009,0.0,1014.8934219556663,142.242456351453,-32.465298859743712,239.93169053646488
0.0,0.0,0.0,0.0,-0.0,0.0,-0.0,0.0,0.0,0.0,0.0,0.0,0.0,0.0,0.0,0.0,0.0,0.0,0.0,0.0,0.0,0.0,0.0,0.0,0.0,0.0,-0.0,0.0
0.0,0.0,0.0,0.0,-0.0,0.0,-0.0,0.0,0.0,0.0,0.0,0.0,0.0,0.0,0.0,0.0,0.0,0.0,0.0,0.0,0.0,0.0,0.0,0.0,0.0,0.0,-0.0,0.0
5.1266508725378124,0.0,0.0,15.243762635946627,-9.5686919999763287,0.0,-10.851707789470652,10.940487633868324,0.0,5.5430083992789916,0.0,0.0,0.0,0.0,0.0,3.8776833509501603,4.3594447341815572,0.0,0.0,1.5972320438982064,13.733626849734881,3.1325607144262593,2.9257399884224888,0.0,16.201733185929704,2.27075501295166,-0.51827521841008883,3.8302635023785472
69.399478254791546,0.0,0.0,206.35483083927889,-129.53139366996305,0.0,-146.89957976208294,148.10139260909082,0.0,75.035710532295852,0.0,0.0,0.0,0.0,0.0,52.49220360114311,59.013807952760494,0.0,0.0,21.621731858541388,185.91212111266452,42.405477686648531,39.605745301159672,0.0,219.32287918218677,30.739212999165527,-7.0158921768439599,51.850281061143406
184.22850194728528,0.0,0.0,547.79145767541922,-343.85524518426433,0.0,-389.96099389818937,393.15133748567843,0.0,199.19049669455651,0.0,0.0,0.0,0.0,0.0,139.34629303474347,156.65860474377874,0.0,0.0,57.397250958870877,493.52404985931889,112.56997638928082,105.13778069843929,0.0,582.21655970028849,81.600601391895779,-18.624452777847811,137.64223947577921
0.0,0.0,0.0,0.0,-0.0,0.0,-0.0,0.0,0.0,0.0,0.0,0.0,0.0,0.0,0.0,0.0,0.0,0.0,0.0,0.0,0.0,0.0,0.0,0.0,0.0,0.0,-0.0,0.0
0.0,0.0,0.0,0.0,-0.0,0.0,-0.0,0.0,0.0,0.0,0.0,0.0,0.0,0.0,0.0,0.0,0.0,0.0,0.0,0.0,0.0,0.0,0.0,0.0,0.0,0.0,-0.0,0.0
141.45436046855104,0.0,0.0,420.6053324896701,-264.01899427708861,0.0,-299.41991828893418,301.86952845822458,0.0,152.94248188265593,0.0,0.0,0.0,0.0,0.0,106.9928950002158,120.28563719346511,0.0,0.0,44.07076723320035,378.93772196375369,86.433498887495304,80.726909097029917,0.0,447.0376203252726,62.654587980325608,-14.300230577356718,105.68448829962598
727.44084142044028,0.0,0.0,2162.9979871863598,-1357.739688700535,0.0,-1539.791891721617,1552.3892162353204,0.0,786.5194635296159,0.0,0.0,0.0,0.0,0.0,550.21988227976647,618.57891719260033,0.0,0.0,226.63759457094397,1948.7188263280368,444.49147378253548,415.14486004035706,0.0,2298.9282309774148,322.20644205161932,-73.540127919997488,543.49129174325344
0.0,0.0,0.0,0.0,-0.0,0.0,-0.0,0.0,0.0,0.0,0.0,0.0,0.0,0.0,0.0,0.0,0.0,0.0,0.0,0.0,0.0,0.0,0.0,0.0,0.0,0.0,-0.0,0.0
0.0,0.0,0.0,0.0,-0.0,0.0,-0.0,0.0,0.0,0.0,0.0,0.0,0.0,0.0,0.0,0.0,0.0,0.0,0.0,0.0,0.0,0.0,0.0,0.0,0.0,0.0,-0.0,0.0
0.0,0.0,0.0,0.0,-0.0,0.0,-0.0,0.0,0.0,0.0,0.0,0.0,0.0,0.0,0.0,0.0,0.0,0.0,0.0,0.0,0.0,0.0,0.0,0.0,0.0,0.0,-0.0,0.0
0.0,0.0,0.0,0.0,-0.0,0.0,-0.0,0.0,0.0,0.0,0.0,0.0,0.0,0.0,0.0,0.0,0.0,0.0,0.0,0.0,0.0,0.0,0.0,0.0,0.0,0.0,-0.0,0.0
440.72013607941494,0.0,0.0,1310.4526347336416,-822.58678134717718,0.0,-932.88313415071127,940.51522497898384,0.0,476.51292759287833,0.0,0.0,0.0,0.0,0.0,333.35079306027609,374.76612397600201,0.0,0.0,137.30841854435789,1180.6315749921239,269.29522190293983,251.51557184003167,0.0,1392.8059920512262,195.2088182310074,-44.554296842767528,329.27427553744332
362.8498539376418,0.0,0.0,1078.9104199668748,-677.24496574641364,0.0,-768.05319579607362,774.33678217112072,0.0,392.31846249320921,0.0,0.0,0.0,0.0,0.0,274.45146402415048,308.54917262270288,0.0,0.0,113.04756813800581,972.02727869658008,221.71379053118457,207.07560429858157,0.0,1146.7128669795873,160.7176196045132,-36.682054615220558,271.09522121461481
405.4465359453306,0.0,0.0,1205.568880967686,-756.74999553806367,0.0,-858.21863858535755,865.23988525647781,0.0,438.37460558164099,0.0,0.0,0.0,0.0,0.0,306.67063570828873,344.77123760995647,0.0,0.0,126.3187635359368,1086.1382158903236,247.74183416820708,231.38520115285667,0.0,1281.3309819347862,179.58503063150695,-40.98833667342349,302.92038748260939
0.0,0.0,0.0,0.0,-0.0,0.0,-0.0,0.0,0.0,0.0,0.0,0.0,0.0,0.0,0.0,0.0,0.0,0.0,0.0,0.0,0.0,0.0,0.0,0.0,0.0,0.0,-0.0,0.0
0.0,0.0,0.0,0.0,-0.0,0.0,-0.0,0.0,0.0,0.0,0.0,0.0,0.0,0.0,0.0,0.0,0.0,0.0,0.0,0.0,0.0,0.0,0.0,0.0,0.0,0.0,-0.0,0.0
0.0,0.0,0.0,0.0,-0.0,0.0,-0.0,0.0,0.0,0.0,0.0,0.0,0.0,0.0,0.0,0.0,0.0,0.0,0.0,0.0,0.0,0.0,0.0,0.0,0.0,0.0,-0.0,0.0
0.0,0.0,328.61028862137795,-328.61028862137795
0.0,0.0,0.0,-0.0
0.0,0.0,0.0,-0.0
0.0,0.0,157.2236670207854,-157.2236670207854
0.0,0.0,2621.2821574888062,-2621.2821574888062
0.0,0.0,0.0,-0.0
0.0,0.0,1040.7333026201006,-1040.7333026201006
0.0,0.0,993.80328047963269,-993.80328047963269
0.0,0.0,0.0,-0.0
0.0,0.0,2869.487891050675,-2869.487891050675
0.0,0.0,0.0,-0.0
0.0,0.0,0.0,-0.0
0.0,0.0,0.0,-0.0
0.0,0.0,0.0,-0.0
0.0,0.0,0.0,-0.0
0.0,0.0,683.3420724561571,-683.3420724561571
0.0,0.0,48.385080086942075,-48.385080086942075
0.0,0.0,0.0,-0.0
0.0,0.0,0.0,-0.0
0.0,0.0,669.85798726470205,-669.85798726470205
0.0,0.0,1377.167225134554,-1377.167225134554
0.0,0.0,361.12881842154519,-361.12881842154519
0.0,0.0,262.66725135688637,-262.66725135688637
0.0,0.0,0.0,-0.0
0.0,0.0,54.829267071885447,-54.829267071885447
0.0,0.0,203.94612883095601,-203.94612883095601
0.0,0.0,4512.7795506599086,-4512.7795506599086
0.0,0.0,13.596540072250537,-13.596540072250537
