-0.0,-5.3029990905989468,-0.0,-1.0294927119494675,-0.0,-0.0,8.0078686082005905,0.62155014883634818,8.2626438104897737,-0.0,-11.039271616981667,-0.0,-0.0,-0.17079905683521002,10.433953201268805,-0.0,-0.0,-0.0,-2.5094991076358091,-5.1581584196594026,-0.0,-0.0,6.4692073678016992,-12.264660859245547,-0.0,-12.56481108574328,11.085420526469136,-0.0,-0.0,-0.0,-3.0618450052253907,0.98845735544423163,-0.0,12.875275797435396,-0.0,-0.0,-0.080068514637301469,-5.9751128230155919,5.7322512909448253,0.27180351284456794,5.5868144694422313,-0.0,7.2121986412961903,0.96892268942380788,-0.0,2.7941104069811393,-0.0,1.5736860791897129,-0.0,10.357731134749137,-4.3032272372680982,6.137379857867197,-0.0,-2.3985721817097705,-0.0,-0.0,-1.4275671141347743,-4.3412192756204195,-0.0,4.1850634154867326,-0.87918779380718859,2.5808188131743348,-1.892868284813598,8.40765351368122,-14.496410240238211,-4.2485025107441938,-0.0,1.673705090463903,-0.0,-1.8771428219000708,-0.0,-0.0,-0.0,-0.0,-0.0,-0.0,-0.91015033111556942,-0.68137665528735258,-0.0,-0.0,-1.8709103521658075,-2.9364193254200526,-0.0,-0.0,-1.5792740960693279,-0.0,-8.5239517413903627,-0.0,-0.0,-0.0,4.9544796601004712,8.1138287170332468,-5.1069448604380039,-10.41010682344189,-0.0,-1.8236304973181041,-4.1007324057592589,-4.9158766397040283,-2.3782547320740735,8.7520612093522399
0.0,5.3029990905989468,0.0,1.0294927119494675,0.0,0.0,-8.0078686082005905,-0.62155014883634818,-8.2626438104897737,0.0,11.039271616981667,0.0,0.0,0.17079905683521002,-10.433953201268805,0.0,0.0,0.0,2.5094991076358091,5.1581584196594026,0.0,0.0,-6.4692073678016992,12.264660859245547,0.0,12.56481108574328,-11.085420526469136,0.0,0.0,0.0,3.0618450052253907,-0.98845735544423163,0.0,-12.875275797435396,0.0,0.0,0.080068514637301469,5.9751128230155919,-5.7322512909448253,-0.27180351284456794,-5.5868144694422313,0.0,-7.2121986412961903,-0.96892268942380788,0.0,-2.7941104069811393,0.0,-1.5736860791897129,0.0,-10.357731134749137,4.3032272372680982,-6.137379857867197,0.0,2.3985721817097705,0.0,0.0,1.4275671141347743,4.3412192756204195,0.0,-4.1850634154867326,0.87918779380718859,-2.5808188131743348,1.892868284813598,-8.40765351368122,14.496410240238211,4.2485025107441938,0.0,-1.673705090463903,0.0,1.8771428219000708,0.0,0.0,0.0,0.0,0.0,0.0,0.91015033111556942,0.68137665528735258,0.0,0.0,1.8709103521658075,2.9364193254200526,0.0,0.0,1.5792740960693279,0.0,8.5239517413903627,0.0,0.0,0.0,-4.9544796601004712,-8.1138287170332468,5.1069448604380039,10.41010682344189,0.0,1.8236304973181041,4.1007324057592589,4.9158766397040283,2.3782547320740735,-8.7520612093522399
0.0,5.3029990905989468,0.0,1.0294927119494675,0.0,0.0,-8.0078686082005905,-0.62155014883634818,-8.2626438104897737,0.0,11.039271616981667,0.0,0.0,0.17079905683521002,-10.433953201268805,0.0,0.0,0.0,2.5094991076358091,5.1581584196594026,0.0,0.0,-6.4692073678016992,12.264660859245547,0.0,12.56481108574328,-11.085420526469136,0.0,0.0,0.0,3.0618450052253907,-0.98845735544423163,0.0,-12.875275797435396,0.0,0.0,0.080068514637301469,5.9751128230155919,-5.7322512909448253,-0.27180351284456794,-5.5868144694422313,0.0,-7.2121986412961903,-0.96892268942380788,0.0,-2.7941104069811393,0.0,-1.5736860791897129,0.0,-10.357731134749137,4.3032272372680982,-6.137379857867197,0.0,2.3985721817097705,0.0,0.0,1.4275671141347743,4.3412192756204195,0.0,-4.1850634154867326,0.87918779380718859,-2.5808188131743348,1.892868284813598,-8.40765351368122,14.496410240238211,4.2485025107441938,0.0,-1.673705090463903,0.0,1.8771428219000708,0.0,0.0,0.0,0.0,0.0,0.0,0.91015033111556942,0.68137665528735258,0.0,0.0,1.8709103521658075,2.9364193254200526,0.0,0.0,1.5792740960693279,0.0,8.5239517413903627,0.0,0.0,0.0,-4.9544796601004712,-8.1138287170332468,5.1069448604380039,10.41010682344189,0.0,1.8236304973181041,4.1007324057592589,4.9158766397040283,2.3782547320740735,-8.7520612093522399
0.0,5.3029990905989468,0.0,1.0294927119494675,0.0,0.0,-8.0078686082005905,-0.62155014883634818,-8.2626438104897737,0.0,11.039271616981667,0.0,0.0,0.17079905683521002,-10.433953201268805,0.0,0.0,0.0,2.5094991076358091,5.1581584196594026,0.0,0.0,-6.4692073678016992,12.264660859245547,0.0,12.56481108574328,-11.085420526469136,0.0,0.0,0.0,3.0618450052253907,-0.98845735544423163,0.0,-12.875275797435396,0.0,0.0,0.080068514637301469,5.9751128230155919,-5.7322512909448253,-0.27180351284456794,-5.5868144694422313,0.0,-7.2121986412961903,-0.96892268942380788,0.0,-2.7941104069811393,0.0,-1.5736860791897129,0.0,-10.357731134749137,4.3032272372680982,-6.137379857867197,0.0,2.3985721817097705,0.0,0.0,1.4275671141347743,4.3412192756204195,0.0,-4.1850634154867326,0.87918779380718859,-2.5808188131743348,1.892868284813598,-8.40765351368122,14.496410240238211,4.2485025107441938,0.0,-1.673705090463903,0.0,1.8771428219000708,0.0,0.0,0.0,0.0,0.0,0.0,0.91015033111556942,0.68137665528735258,0.0,0.0,1.8709103521658075,2.9364193254200526,0.0,0.0,1.5792740960693279,0.0,8.5239517413903627,0.0,0.0,0.0,-4.9544796601004712,-8.1138287170332468,5.1069448604380039,10.41010682344189,0.0,1.8236304973181041,4.1007324057592589,4.9158766397040283,2.3782547320740735,-8.7520612093522399
-0.0,-5.3029990905989468,-0.0,-1.0294927119494675,-0.0,-0.0,8.0078686082005905,0.62155014883634818,8.2626438104897737,-0.0,-11.039271616981667,-0.0,-0.0,-0.17079905683521002,10.433953201268805,-0.0,-0.0,-0.0,-2.5094991076358091,-5.1581584196594026,-0.0,-0.0,6.4692073678016992,-12.264660859245547,-0.0,-12.56481108574328,11.085420526469136,-0.0,-0.0,-0.0,-3.0618450052253907,0.98845735544423163,-0.0,12.875275797435396,-0.0,-0.0,-0.080068514637301469,-5.9751128230155919,5.7322512909448253,0.27180351284456794,5.5868144694422313,-0.0,7.2121986412961903,0.96892268942380788,-0.0,2.7941104069811393,-0.0,1.5736860791897129,-0.0,10.357731134749137,-4.3032272372680982,6.137379857867197,-0.0,-2.3985721817097705,-0.0,-0.0,-1.4275671141347743,-4.3412192756204195,-0.0,4.1850634154867326,-0.87918779380718859,2.5808188131743348,-1.892868284813598,8.40765351368122,-14.496410240238211,-4.2485025107441938,-0.0,1.673705090463903,-0.0,-1.8771428219000708,-0.0,-0.0,-0.0,-0.0,-0.0,-0.0,-0.91015033111556942,-0.68137665528735258,-0.0,-0.0,-1.8709103521658075,-2.9364193254200526,-0.0,-0.0,-1.5792740960693279,-0.0,-8.5239517413903627,-0.0,-0.0,-0.0,4.9544796601004712,8.1138287170332468,-5.1069448604380039,-10.41010682344189,-0.0,-1.8236304973181041,-4.1007324057592589,-4.9158766397040283,-2.3782547320740735,8.7520612093522399
-0.0,-5.3029990905989468,-0.0,-1.0294927119494675,-0.0,-0.0,8.0078686082005905,0.62155014883634818,8.2626438104897737,-0.0,-11.039271616981667,-0.0,-0.0,-0.17079905683521002,10.433953201268805,-0.0,-0.0,-0.0,-2.5094991076358091,-5.1581584196594026,-0.0,-0.0,6.4692073678016992,-12.264660859245547,-0.0,-12.56481108574328,11.085420526469136,-0.0,-0.0,-0.0,-3.0618450052253907,0.98845735544423163,-0.0,12.875275797435396,-0.0,-0.0,-0.080068514637301469,-5.9751128230155919,5.7322512909448253,0.27180351284456794,5.5868144694422313,-0.0,7.2121986412961903,0.96892268942380788,-0.0,2.7941104069811393,-0.0,1.5736860791897129,-0.0,10.357731134749137,-4.3032272372680982,6.137379857867197,-0.0,-2.3985721817097705,-0.0,-0.0,-1.4275671141347743,-4.3412192756204195,-0.0,4.1850634154867326,-0.87918779380718859,2.5808188131743348,-1.892868284813598,8.40765351368122,-14.496410240238211,-4.2485025107441938,-0.0,1.673705090463903,-0.0,-1.8771428219000708,-0.0,-0.0,-0.0,-0.0,-0.0,-0.0,-0.91015033111556942,-0.68137665528735258,-0.0,-0.0,-1.8709103521658075,-2.9364193254200526,-0.0,-0.0,-1.5792740960693279,-0.0,-8.5239517413903627,-0.0,-0.0,-0.0,4.9544796601004712,8.1138287170332468,-5.1069448604380039,-10.41010682344189,-0.0,-1.8236304973181041,-4.1007324057592589,-4.9158766397040283,-2.3782547320740735,8.7520612093522399
0.0,5.3029990905989468,0.0,1.0294927119494675,0.0,0.0,-8.0078686082005905,-0.62155014883634818,-8.2626438104897737,0.0,11.039271616981667,0.0,0.0,0.17079905683521002,-10.433953201268805,0.0,0.0,0.0,2.5094991076358091,5.1581584196594026,0.0,0.0,-6.4692073678016992,12.264660859245547,0.0,12.56481108574328,-11.085420526469136,0.0,0.0,0.0,3.0618450052253907,-0.98845735544423163,0.0,-12.875275797435396,0.0,0.0,0.080068514637301469,5.9751128230155919,-5.7322512909448253,-0.27180351284456794,-5.5868144694422313,0.0,-7.2121986412961903,-0.96892268942380788,0.0,-2.7941104069811393,0.0,-1.5736860791897129,0.0,-10.357731134749137,4.3032272372680982,-6.137379857867197,0.0,2.3985721817097705,0.0,0.0,1.4275671141347743,4.3412192756204195,0.0,-4.1850634154867326,0.87918779380718859,-2.5808188131743348,1.892868284813598,-8.40765351368122,14.496410240238211,4.2485025107441938,0.0,-1.673705090463903,0.0,1.8771428219000708,0.0,0.0,0.0,0.0,0.0,0.0,0.91015033111556942,0.68137665528735258,0.0,0.0,1.8709103521658075,2.9364193254200526,0.0,0.0,1.5792740960693279,0.0,8.5239517413903627,0.0,0.0,0.0,-4.9544796601004712,-8.1138287170332468,5.1069448604380039,10.41010682344189,0.0,1.8236304973181041,4.1007324057592589,4.9158766397040283,2.3782547320740735,-8.7520612093522399
-0.0,-5.3029990905989468,-0.0,-1.0294927119494675,-0.0,-0.0,8.0078686082005905,0.62155014883634818,8.2626438104897737,-0.0,-11.039271616981667,-0.0,-0.0,-0.17079905683521002,10.433953201268805,-0.0,-0.0,-0.0,-2.5094991076358091,-5.1581584196594026,-0.0,-0.0,6.4692073678016992,-12.264660859245547,-0.0,-12.56481108574328,11.085420526469136,-0.0,-0.0,-0.0,-3.0618450052253907,0.98845735544423163,-0.0,12.875275797435396,-0.0,-0.0,-0.080068514637301469,-5.9751128230155919,5.7322512909448253,0.27180351284456794,5.5868144694422313,-0.0,7.2121986412961903,0.96892268942380788,-0.0,2.7941104069811393,-0.0,1.5736860791897129,-0.0,10.357731134749137,-4.3032272372680982,6.137379857867197,-0.0,-2.3985721817097705,-0.0,-0.0,-1.4275671141347743,-4.3412192756204195,-0.0,4.1850634154867326,-0.87918779380718859,2.5808188131743348,-1.892868284813598,8.40765351368122,-14.496410240238211,-4.2485025107441938,-0.0,1.673705090463903,-0.0,-1.8771428219000708,-0.0,-0.0,-0.0,-0.0,-0.0,-0.0,-0.91015033111556942,-0.68137665528735258,-0.0,-0.0,-1.8709103521658075,-2.9364193254200526,-0.0,-0.0,-1.5792740960693279,-0.0,-8.5239517413903627,-0.0,-0.0,-0.0,4.9544796601004712,8.1138287170332468,-5.1069448604380039,-10.41010682344189,-0.0,-1.8236304973181041,-4.1007324057592589,-4.9158766397040283,-2.3782547320740735,8.7520612093522399
0.0,5.3029990905989468,0.0,1.0294927119494675,0.0,0.0,-8.0078686082005905,-0.62155014883634818,-8.2626438104897737,0.0,11.039271616981667,0.0,0.0,0.17079905683521002,-10.433953201268805,0.0,0.0,0.0,2.5094991076358091,5.1581584196594026,0.0,0.0,-6.4692073678016992,12.264660859245547,0.0,12.56481108574328,-11.085420526469136,0.0,0.0,0.0,3.0618450052253907,-0.98845735544423163,0.0,-12.875275797435396,0.0,0.0,0.080068514637301469,5.9751128230155919,-5.7322512909448253,-0.27180351284456794,-5.5868144694422313,0.0,-7.2121986412961903,-0.96892268942380788,0.0,-2.7941104069811393,0.0,-1.5736860791897129,0.0,-10.357731134749137,4.3032272372680982,-6.137379857867197,0.0,2.3985721817097705,0.0,0.0,1.4275671141347743,4.3412192756204195,0.0,-4.1850634154867326,0.87918779380718859,-2.5808188131743348,1.892868284813598,-8.40765351368122,14.496410240238211,4.2485025107441938,0.0,-1.673705090463903,0.0,1.8771428219000708,0.0,0.0,0.0,0.0,0.0,0.0,0.91015033111556942,0.68137665528735258,0.0,0.0,1.8709103521658075,2.9364193254200526,0.0,0.0,1.5792740960693279,0.0,8.5239517413903627,0.0,0.0,0.0,-4.9544796601004712,-8.1138287170332468,5.1069448604380039,10.41010682344189,0.0,1.8236304973181041,4.1007324057592589,4.9158766397040283,2.3782547320740735,-8.7520612093522399
0.0,5.3029990905989468,0.0,1.0294927119494675,0.0,0.0,-8.0078686082005905,-0.62155014883634818,-8.2626438104897737,0.0,11.039271616981667,0.0,0.0,0.17079905683521002,-10.433953201268805,0.0,0.0,0.0,2.5094991076358091,5.1581584196594026,0.0,0.0,-6.4692073678016992,12.264660859245547,0.0,12.56481108574328,-11.085420526469136,0.0,0.0,0.0,3.0618450052253907,-0.98845735544423163,0.0,-12.875275797435396,0.0,0.0,0.080068514637301469,5.9751128230155919,-5.7322512909448253,-0.27180351284456794,-5.5868144694422313,0.0,-7.2121986412961903,-0.96892268942380788,0.0,-2.7941104069811393,0.0,-1.5736860791897129,0.0,-10.357731134749137,4.3032272372680982,-6.137379857867197,0.0,2.3985721817097705,0.0,0.0,1.4275671141347743,4.3412192756204195,0.0,-4.1850634154867326,0.87918779380718859,-2.5808188131743348,1.892868284813598,-8.40765351368122,14.496410240238211,4.2485025107441938,0.0,-1.673705090463903,0.0,1.8771428219000708,0.0,0.0,0.0,0.0,0.0,0.0,0.91015033111556942,0.68137665528735258,0.0,0.0,1.8709103521658075,2.9364193254200526,0.0,0.0,1.5792740960693279,0.0,8.5239517413903627,0.0,0.0,0.0,-4.9544796601004712,-8.1138287170332468,5.1069448604380039,10.41010682344189,0.0,1.8236304973181041,4.1007324057592589,4.9158766397040283,2.3782547320740735,-8.7520612093522399
-0.0,-5.3029990905989468,-0.0,-1.0294927119494675,-0.0,-0.0,8.0078686082005905,0.62155014883634818,8.2626438104897737,-0.0,-11.039271616981667,-0.0,-0.0,-0.17079905683521002,10.433953201268805,-0.0,-0.0,-0.0,-2.5094991076358091,-5.1581584196594026,-0.0,-0.0,6.4692073678016992,-12.264660859245547,-0.0,-12.56481108574328,11.085420526469136,-0.0,-0.0,-0.0,-3.0618450052253907,0.98845735544423163,-0.0,12.875275797435396,-0.0,-0.0,-0.080068514637301469,-5.9751128230155919,5.7322512909448253,0.27180351284456794,5.5868144694422313,-0.0,7.2121986412961903,0.96892268942380788,-0.0,2.7941104069811393,-0.0,1.5736860791897129,-0.0,10.357731134749137,-4.3032272372680982,6.137379857867197,-0.0,-2.3985721817097705,-0.0,-0.0,-1.4275671141347743,-4.3412192756204195,-0.0,4.1850634154867326,-0.87918779380718859,2.5808188131743348,-1.892868284813598,8.40765351368122,-14.496410240238211,-4.2485025107441938,-0.0,1.673705090463903,-0.0,-1.8771428219000708,-0.0,-0.0,-0.0,-0.0,-0.0,-0.0,-0.91015033111556942,-0.68137665528735258,-0.0,-0.0,-1.8709103521658075,-2.9364193254200526,-0.0,-0.0,-1.5792740960693279,-0.0,-8.5239517413903627,-0.0,-0.0,-0.0,4.9544796601004712,8.1138287170332468,-5.1069448604380039,-10.41010682344189,-0.0,-1.8236304973181041,-4.1007324057592589,-4.9158766397040283,-2.3782547320740735,8.7520612093522399
-0.0,-5.3029990905989468,-0.0,-1.0294927119494675,-0.0,-0.0,8.0078686082005905,0.62155014883634818,8.2626438104897737,-0.0,-11.039271616981667,-0.0,-0.0,-0.17079905683521002,10.433953201268805,-0.0,-0.0,-0.0,-2.5094991076358091,-5.1581584196594026,-0.0,-0.0,6.4692073678016992,-12.264660859245547,-0.0,-12.56481108574328,11.085420526469136,-0.0,-0.0,-0.0,-3.0618450052253907,0.98845735544423163,-0.0,12.875275797435396,-0.0,-0.0,-0.080068514637301469,-5.9751128230155919,5.7322512909448253,0.27180351284456794,5.5868144694422313,-0.0,7.2121986412961903,0.96892268942380788,-0.0,2.7941104069811393,-0.0,1.5736860791897129,-0.0,10.357731134749137,-4.3032272372680982,6.137379857867197,-0.0,-2.3985721817097705,-0.0,-0.0,-1.4275671141347743,-4.3412192756204195,-0.0,4.1850634154867326,-0.87918779380718859,2.5808188131743348,-1.892868284813598,8.40765351368122,-14.496410240238211,-4.2485025107441938,-0.0,1.673705090463903,-0.0,-1.8771428219000708,-0.0,-0.0,-0.0,-0.0,-0.0,-0.0,-0.91015033111556942,-0.68137665528735258,-0.0,-0.0,-1.8709103521658075,-2.9364193254200526,-0.0,-0.0,-1.5792740960693279,-0.0,-8.5239517413903627,-0.0,-0.0,-0.0,4.9544796601004712,8.1138287170332468,-5.1069448604380039,-10.41010682344189,-0.0,-1.8236304973181041,-4.1007324057592589,-4.9158766397040283,-2.3782547320740735,8.7520612093522399
0.0,5.3029990905989468,0.0,1.0294927119494675,0.0,0.0,-8.0078686082005905,-0.62155014883634818,-8.2626438104897737,0.0,11.039271616981667,0.0,0.0,0.17079905683521002,-10.433953201268805,0.0,0.0,0.0,2.5094991076358091,5.1581584196594026,0.0,0.0,-6.4692073678016992,12.264660859245547,0.0,12.56481108574328,-11.085420526469136,0.0,0.0,0.0,3.0618450052253907,-0.98845735544423163,0.0,-12.875275797435396,0.0,0.0,0.080068514637301469,5.9751128230155919,-5.7322512909448253,-0.27180351284456794,-5.5868144694422313,0.0,-7.2121986412961903,-0.96892268942380788,0.0,-2.7941104069811393,0.0,-1.5736860791897129,0.0,-10.357731134749137,4.3032272372680982,-6.137379857867197,0.0,2.3985721817097705,0.0,0.0,1.4275671141347743,4.3412192756204195,0.0,-4.1850634154867326,0.87918779380718859,-2.5808188131743348,1.892868284813598,-8.40765351368122,14.496410240238211,4.2485025107441938,0.0,-1.673705090463903,0.0,1.8771428219000708,0.0,0.0,0.0,0.0,0.0,0.0,0.91015033111556942,0.68137665528735258,0.0,0.0,1.8709103521658075,2.9364193254200526,0.0,0.0,1.5792740960693279,0.0,8.5239517413903627,0.0,0.0,0.0,-4.9544796601004712,-8.1138287170332468,5.1069448604380039,10.41010682344189,0.0,1.8236304973181041,4.1007324057592589,4.9158766397040283,2.3782547320740735,-8.7520612093522399
0.0,5.3029990905989468,0.0,1.0294927119494675,0.0,0.0,-8.0078686082005905,-0.62155014883634818,-8.2626438104897737,0.0,11.039271616981667,0.0,0.0,0.17079905683521002,-10.433953201268805,0.0,0.0,0.0,2.5094991076358091,5.1581584196594026,0.0,0.0,-6.4692073678016992,12.264660859245547,0.0,12.56481108574328,-11.085420526469136,0.0,0.0,0.0,3.0618450052253907,-0.98845735544423163,0.0,-12.875275797435396,0.0,0.0,0.080068514637301469,5.9751128230155919,-5.7322512909448253,-0.27180351284456794,-5.5868144694422313,0.0,-7.2121986412961903,-0.96892268942380788,0.0,-2.7941104069811393,0.0,-1.5736860791897129,0.0,-10.357731134749137,4.3032272372680982,-6.137379857867197,0.0,2.3985721817097705,0.0,0.0,1.4275671141347743,4.3412192756204195,0.0,-4.1850634154867326,0.87918779380718859,-2.5808188131743348,1.892868284813598,-8.40765351368122,14.496410240238211,4.2485025107441938,0.0,-1.673705090463903,0.0,1.8771428219000708,0.0,0.0,0.0,0.0,0.0,0.0,0.91015033111556942,0.68137665528735258,0.0,0.0,1.8709103521658075,2.9364193254200526,0.0,0.0,1.5792740960693279,0.0,8.5239517413903627,0.0,0.0,0.0,-4.9544796601004712,-8.1138287170332468,5.1069448604380039,10.41010682344189,0.0,1.8236304973181041,4.1007324057592589,4.9158766397040283,2.3782547320740735,-8.7520612093522399
-0.0,0.0,0.0,0.0,0.0,-0.0,0.0,-0.0,0.0,0.0,0.0,-0.0,0.0,0.0,0.0,0.0,0.0,0.0,0.0,0.0,0.0,0.0,0.0,0.0,0.0,-0.0,0.0,0.0,0.0,0.0,0.0,0.0,-0.0,-0.0,-0.0,-0.0,0.0,-0.0,0.0,0.0
-2.3095391818072617,0.0,2.7248771225564767,0.0,0.0,-0.39961039820119038,15.241632377271557,-3.5789270168845411,1.8929350774221203,10.504840456417918,7.2268980064914938,-5.364238725437251,12.539537111797346,0.0,5.8126076395541162,0.0,1.2107431498836565,0.41959062243140677,0.17250780853713321,0.0,6.3868554993163942,0.0,0.0,5.4042883327426878,0.0,-9.3689988485796967,10.422044129884156,13.639346946506153,0.0,8.6545010930119304,0.0,0.0,-2.9194457273892049,-6.7843711195520502,-4.4349530665949208,-8.5850548440721788,0.0,-0.72915437794550719,0.0,0.0
-0.0,0.0,0.0,0.0,0.0,-0.0,0.0,-0.0,0.0,0.0,0.0,-0.0,0.0,0.0,0.0,0.0,0.0,0.0,0.0,0.0,0.0,0.0,0.0,0.0,0.0,-0.0,0.0,0.0,0.0,0.0,0.0,0.0,-0.0,-0.0,-0.0,-0.0,0.0,-0.0,0.0,0.0
-2.5384812496756783,0.0,2.9949911816898029,0.0,0.0,-0.43922333554668758,16.752518558216188,-3.9337020986194693,2.080579640623061,11.54617368672846,7.9432924227081472,-5.8959897847028619,13.782567573935319,0.0,6.3888050139870263,0.0,1.3307627808885645,0.4611841773337626,0.18960831703728998,0.0,7.0199774297467092,0.0,0.0,5.9400094653398323,0.0,-10.297737355008575,11.455169851806071,14.991400342657839,0.0,9.512412226198748,0.0,0.0,-3.2088471573900912,-7.456898334302128,-4.874585065031547,-9.4360818473151475,0.0,-0.80143464597348846,0.0,0.0
-0.0,0.0,0.0,0.0,0.0,-0.0,0.0,-0.0,0.0,0.0,0.0,-0.0,0.0,0.0,0.0,0.0,0.0,0.0,0.0,0.0,0.0,0.0,0.0,0.0,0.0,-0.0,0.0,0.0,0.0,0.0,0.0,0.0,-0.0,-0.0,-0.0,-0.0,0.0,-0.0,0.0,0.0
-0.0,0.0,0.0,0.0,0.0,-0.0,0.0,-0.0,0.0,0.0,0.0,-0.0,0.0,0.0,0.0,0.0,0.0,0.0,0.0,0.0,0.0,0.0,0.0,0.0,0.0,-0.0,0.0,0.0,0.0,0.0,0.0,0.0,-0.0,-0.0,-0.0,-0.0,0.0,-0.0,0.0,0.0
-0.38646583035077597,0.0,0.45596624126054947,0.0,0.0,-0.066868648765152416,2.5504525573686907,-0.59887834432095666,0.31675354644712872,1.7578233448783185,1.209310134653599,-0.89762277668034884,2.098298509199986,0.0,0.97265041252329465,0.0,0.20259922864575586,0.070212031725939816,0.028866526272191884,0.0,1.0687419522115376,0.0,0.0,0.90432446196217486,0.0,-1.5677577363023856,1.7439686541521688,2.2823347551952096,0.0,1.4481975354777408,0.0,0.0,-0.48852430220153398,-1.1352600721299713,-0.74212112656478912,-1.436576774733493,0.0,-0.12201276096390146,0.0,0.0
-0.23291226059721204,0.0,0.27479823484424415,0.0,0.0,-0.040299884035896238,1.5370871731234534,-0.36092740429834347,0.19089859636030981,1.0593914825912365,0.7288177507689021,-0.5409724059961688,1.2645864415540751,0.0,0.58618948574571317,0.0,0.12210094821657158,0.042314848418989026,0.017397056509607989,0.0,0.64410119740400218,0.0,0.0,0.54501132624788784,0.0,-0.94484420032562211,1.0510416439160455,1.3754999938535535,0.0,0.87278857609035843,0.0,0.0,-0.29442007713633922,-0.68418982740478829,-0.44725586494482095,-0.86578506519174825,0.0,-0.073533714357141733,0.0,0.0
-2.3218190125674081,0.0,2.7393653071132782,0.0,0.0,-0.40173512857968319,15.322672208756384,-3.5979561887714917,1.9029998221875668,10.560694742841502,7.2653234573951275,-5.392760408128014,12.606209889967298,0.0,5.8435133018832586,0.0,1.2171806769417355,0.42182158775669309,0.1734250333715619,0.0,6.4208144402336647,0.0,0.0,5.4330229593850392,0.0,-9.4188138597987461,10.477458187847706,13.711867418772378,0.0,8.7005171162830877,0.0,0.0,-2.9349684341387472,-6.8204436529034576,-4.4585337330395411,-8.6307016213090506,0.0,-0.73303129522395061,0.0,0.0
-0.0,0.0,0.0,0.0,0.0,-0.0,0.0,-0.0,0.0,0.0,0.0,-0.0,0.0,0.0,0.0,0.0,0.0,0.0,0.0,0.0,0.0,0.0,0.0,0.0,0.0,-0.0,0.0,0.0,0.0,0.0,0.0,0.0,-0.0,-0.0,-0.0,-0.0,0.0,-0.0,0.0,0.0
-1.2830517349164481,0.0,1.5137904336372465,0.0,0.0,-0.22200134933475146,8.4674046747776597,-1.9882531347919219,1.0516096259818024,5.8359060884520231,4.0148632672415729,-2.9800731926931365,6.9662705759990171,0.0,3.2291620662103546,0.0,0.67262166896031061,0.23310125253818548,0.09583576012640016,0.0,3.5481822926450906,0.0,0.0,3.002322530803847,0.0,-5.2048955574305413,5.7899090466002709,7.5772638544923838,0.0,4.8079602760997595,0.0,0.0,-1.6218819472852442,-3.7690198996523185,-2.4638136781532665,-4.7693797961115987,0.0,-0.40507768693182555,0.0,0.0
-0.0,0.0,0.0,0.0,0.0,-0.0,0.0,-0.0,0.0,0.0,0.0,-0.0,0.0,0.0,0.0,0.0,0.0,0.0,0.0,0.0,0.0,0.0,0.0,0.0,0.0,-0.0,0.0,0.0,0.0,0.0,0.0,0.0,-0.0,-0.0,-0.0,-0.0,0.0,-0.0,0.0,0.0
-0.0,0.0,0.0,0.0,0.0,-0.0,0.0,-0.0,0.0,0.0,0.0,-0.0,0.0,0.0,0.0,0.0,0.0,0.0,0.0,0.0,0.0,0.0,0.0,0.0,0.0,-0.0,0.0,0.0,0.0,0.0,0.0,0.0,-0.0,-0.0,-0.0,-0.0,0.0,-0.0,0.0,0.0
-3.8379911725052551,0.0,4.5281995754450186,0.0,0.0,-0.66407237981445544,25.328537822321433,-5.9474593053211677,3.1456786594053732,17.456939140889045,12.009655853426825,-8.9142894987945418,20.838197126718665,0.0,9.6593887584051572,0.0,2.0120124213647017,0.69727550744454803,0.2866733985589498,0.0,10.613673593214937,0.0,0.0,8.9808439181832114,0.0,-15.569398068372582,17.319348242732566,22.665860614871221,0.0,14.382046019857846,0.0,0.0,-4.8515335953555727,-11.274264871949399,-7.370003009321926,-14.266640274636497,0.0,-1.2117084169832282,0.0,0.0
-0.85841143404800135,0.0,1.0127845835236837,0.0,0.0,-0.14852752344818354,5.6650225331825492,-1.3302185549036416,0.70356767582447155,3.9044477927336168,2.6860994307169626,-1.9937846879372372,4.6607055291493165,0.0,2.1604348169246239,0.0,0.45001001573921684,0.15595378972206397,0.064117845013116792,0.0,2.3738717365839803,0.0,0.0,2.0086703591182808,0.0,-3.4822772441167178,3.8736739855803926,5.0694837585161432,0.0,3.2167121271391146,0.0,0.0,-1.0851020035574432,-2.5216206712246776,-1.6483870253512047,-3.1909002878721235,0.0,-0.271012702510113,0.0,0.0
-0.0,0.0,0.0,0.0,0.0,-0.0,0.0,-0.0,0.0,0.0,0.0,-0.0,0.0,0.0,0.0,0.0,0.0,0.0,0.0,0.0,0.0,0.0,0.0,0.0,0.0,-0.0,0.0,0.0,0.0,0.0,0.0,0.0,-0.0,-0.0,-0.0,-0.0,0.0,-0.0,0.0,0.0
-0.0,0.0,0.0,0.0,0.0,-0.0,0.0,-0.0,0.0,0.0,0.0,-0.0,0.0,0.0,0.0,0.0,0.0,0.0,0.0,0.0,0.0,0.0,0.0,0.0,0.0,-0.0,0.0,0.0,0.0,0.0,0.0,0.0,-0.0,-0.0,-0.0,-0.0,0.0,-0.0,0.0,0.0
-0.0,0.0,0.0,0.0,0.0,-0.0,0.0,-0.0,0.0,0.0,0.0,-0.0,0.0,0.0,0.0,0.0,0.0,0.0,0.0,0.0,0.0,0.0,0.0,0.0,0.0,-0.0,0.0,0.0,0.0,0.0,0.0,0.0,-0.0,-0.0,-0.0,-0.0,0.0,-0.0,0.0,0.0
-0.52160895034041577,0.0,0.61541293903967631,0.0,0.0,-0.090251926441762997,3.4423195451319168,-0.8082999324398954,0.42751899884377242,2.3725160617010737,1.6321934319527198,-1.2115122155066511,2.8320518838398936,0.0,1.3127762427637075,0.0,0.27344609198120384,0.094764455984619245,0.038960853162996356,0.0,1.4424700040669651,0.0,0.0,1.2205574110992143,0.0,-2.115986467622549,2.3538165283415564,3.0804437093501318,0.0,1.9546172961280655,0.0,0.0,-0.65935621851960335,-1.5322488253350184,-1.0016332401277432,-1.9389328750539889,0.0,-0.16467936665125382,0.0,0.0
-3.3728841912062713,0.0,3.9794496850486283,0.0,0.0,-0.5835967648228968,22.259098827346534,-5.2267164167723035,2.7644695738050951,15.34141987531474,10.554265642932698,-7.8340112769707035,18.312920093578743,0.0,8.4888156787170708,0.0,1.7681866850417727,0.61277617124895212,0.25193288118161572,0.0,9.3274555005842981,0.0,0.0,7.8925002986805772,0.0,-13.682620478028063,15.220502930906312,19.919098171891203,0.0,12.639157694027547,0.0,0.0,-4.2636004699821983,-9.9079930215806797,-6.4768691541982779,-12.537737394674075,0.0,-1.0648675258225104,0.0,0.0
-0.0,0.0,0.0,0.0,0.0,-0.0,0.0,-0.0,0.0,0.0,0.0,-0.0,0.0,0.0,0.0,0.0,0.0,0.0,0.0,0.0,0.0,0.0,0.0,0.0,0.0,-0.0,0.0,0.0,0.0,0.0,0.0,0.0,-0.0,-0.0,-0.0,-0.0,0.0,-0.0,0.0,0.0
-0.0,0.0,0.0,0.0,0.0,-0.0,0.0,-0.0,0.0,0.0,0.0,-0.0,0.0,0.0,0.0,0.0,0.0,0.0,0.0,0.0,0.0,0.0,0.0,0.0,0.0,-0.0,0.0,0.0,0.0,0.0,0.0,0.0,-0.0,-0.0,-0.0,-0.0,0.0,-0.0,0.0,0.0
-2.0228080368681596,0.0,2.3865814385847521,0.0,0.0,-0.34999844621164411,13.349371472281778,-3.1346003523757471,1.6579256667482953,9.2006560740103822,6.3296728127894752,-4.6982641779659655,10.982743504919249,0.0,5.0909677311690453,0.0,1.0604284150967551,0.36749810955127327,0.15109082551193875,0.0,5.5939222577826637,0.0,0.0,4.7333415943479897,0.0,-8.2058301143371217,9.1281389779355742,11.946011065045569,0.0,7.5800378291610944,0.0,0.0,-2.5569941948082198,-5.9420859943961704,-3.8843500802706705,-7.5192133878213498,0.0,-0.63862927611022613,0.0,0.0
-2.502902709589959,0.0,2.9530143446232535,0.0,0.0,-0.43306732196481545,16.517720624161562,-3.8785685900229838,2.0514189028177703,11.38434621473022,7.8319617804550203,-5.8133534804454072,13.589395521561073,0.0,6.2992615693312803,0.0,1.3121112360128731,0.45472036762775625,0.18695082759979309,0.0,6.9215876746847016,0.0,0.0,5.8567561953386669,0.0,-10.153407566744749,11.29461786040835,14.781285677402595,0.0,9.3790893033901064,0.0,0.0,-3.163872983469076,-7.3523848357935222,-4.8062644421553165,-9.3038287466472891,0.0,-0.79020199468583563,0.0,0.0
-0.0,0.0,0.0,0.0,0.0,-0.0,0.0,-0.0,0.0,0.0,0.0,-0.0,0.0,0.0,0.0,0.0,0.0,0.0,0.0,0.0,0.0,0.0,0.0,0.0,0.0,-0.0,0.0,0.0,0.0,0.0,0.0,0.0,-0.0,-0.0,-0.0,-0.0,0.0,-0.0,0.0,0.0
-0.40241047104907324,0.0,0.47477829996404153,0.0,0.0,-0.069627486661825611,2.6556780299761567,-0.62358660899088036,0.32982202777554726,1.8303468629852733,1.2592033310905513,-0.93465651040988851,2.1848692049238476,0.0,1.0127796041226094,0.0,0.21095798032006741,0.073108809476126524,0.03005748897438032,0.0,1.1128356471489211,0.0,0.0,0.94163469093527796,0.0,-1.6324396094310618,1.8159205613992089,2.3764983390540815,0.0,1.5079466453599615,0.0,0.0,-0.50867962735387628,-1.182098142995915,-0.77273924022040275,-1.4958464402763791,0.0,-0.12704671087976038,0.0,0.0
-0.14949036966523371,0.0,0.17637409728833953,0.0,0.0,-0.02586572534457764,0.98655059690174429,-0.23165449063319285,0.12252468661505296,0.67995056999871661,0.46777801521338847,-0.34721300091158097,0.81165110903493587,0.0,0.37623473617622361,0.0,0.078368205428810012,0.027158992473231433,0.0111659746981108,0.0,0.41340428303282079,0.0,0.0,0.34980530618537686,0.0,-0.60643054350407211,0.67459138252185813,0.88283889404727944,0.0,0.56018299141828176,0.0,0.0,-0.1889680090482313,-0.43913441893388477,-0.28706279529513717,-0.55568791919450444,0.0,-0.047196236530960889,0.0,0.0
-0.0,0.0,0.0,0.0,0.0,-0.0,0.0,-0.0,0.0,0.0,0.0,-0.0,0.0,0.0,0.0,0.0,0.0,0.0,0.0,0.0,0.0,0.0,0.0,0.0,0.0,-0.0,0.0,0.0,0.0,0.0,0.0,0.0,-0.0,-0.0,-0.0,-0.0,0.0,-0.0,0.0,0.0
-0.0,0.0,0.0,0.0,0.0,-0.0,0.0,-0.0,0.0,0.0,0.0,-0.0,0.0,0.0,0.0,0.0,0.0,0.0,0.0,0.0,0.0,0.0,0.0,0.0,0.0,-0.0,0.0,0.0,0.0,0.0,0.0,0.0,-0.0,-0.0,-0.0,-0.0,0.0,-0.0,0.0,0.0
-0.0,0.0,0.0,0.0,0.0,-0.0,0.0,-0.0,0.0,0.0,0.0,-0.0,0.0,0.0,0.0,0.0,0.0,0.0,0.0,0.0,0.0,0.0,0.0,0.0,0.0,-0.0,0.0,0.0,0.0,0.0,0.0,0.0,-0.0,-0.0,-0.0,-0.0,0.0,-0.0,0.0,0.0
-2.7252244059891884,0.0,3.2153174521601247,0.0,0.0,-0.47153476271086914,17.98491615507125,-4.2230845575157607,2.2336373041772899,12.395566967801205,8.5276400513255428,-6.3297277696213223,14.796480980303695,0.0,6.8587969091550303,0.0,1.4286602312004093,0.4951111519482726,0.20355683668515423,0.0,7.5364014697698485,0.0,0.0,6.3769857543045063,0.0,-11.055289523970835,12.297868443535647,16.09424142840745,0.0,10.21219201913696,0.0,0.0,-3.4449057244467589,-8.005464423350233,-5.2331834989884607,-10.13024640245038,0.0,-0.8603921172517226,0.0,0.0
-1.341002874163582,0.0,1.5821632652412692,0.0,0.0,-0.23202840495397603,8.849848916125282,-2.0780558536825833,1.0991073021942634,6.0994943734459275,4.1962011618302659,-3.114673093738948,7.2809136298967774,0.0,3.3750124754011459,0.0,0.70300173153907863,0.24362965351914934,0.10016433965971228,0.0,3.7084417744100096,0.0,0.0,3.1379273597539061,0.0,-5.4399832152443457,6.0514197996406551,7.9195034234779307,0.0,5.0251196998957841,0.0,0.0,-1.6951369096626268,-3.9392538747025867,-2.5750958701772309,-4.9847966691536891,0.0,-0.42337368607391923,0.0,0.0
-0.0,0.0,0.0,0.0,0.0,-0.0,0.0,-0.0,0.0,0.0,0.0,-0.0,0.0,0.0,0.0,0.0,0.0,0.0,0.0,0.0,0.0,0.0,0.0,0.0,0.0,-0.0,0.0,0.0,0.0,0.0,0.0,0.0,-0.0,-0.0,-0.0,-0.0,0.0,-0.0,0.0,0.0
-2.3226394864731219,0.0,2.7403333316408314,0.0,0.0,-0.40187709192317556,15.328086865387689,-3.5992276182631144,1.9036722956612664,10.56442663340481,7.2678908445519639,-5.3946660774203608,12.61066461542552,0.0,5.8455782561953455,0.0,1.2176107987464775,0.42197064916231852,0.1734863175257999,0.0,6.423083398612043,0.0,0.0,5.4349428564757218,0.0,-9.4221422376580506,10.481160664653522,13.716712856489451,0.0,8.7035916656865879,0.0,0.0,-2.9360055800150064,-6.8228538304462845,-4.4601092695330848,-8.6337514996285734,0.0,-0.73329033050902126,0.0,0.0
-0.0,0.0,0.0,0.0,0.0,-0.0,0.0,-0.0,0.0,0.0,0.0,-0.0,0.0,0.0,0.0,0.0,0.0,0.0,0.0,0.0,0.0,0.0,0.0,0.0,0.0,-0.0,0.0,0.0,0.0,0.0,0.0,0.0,-0.0,-0.0,-0.0,-0.0,0.0,-0.0,0.0,0.0
-0.0,0.0,0.0,0.0,0.0,-0.0,0.0,-0.0,0.0,0.0,0.0,-0.0,0.0,0.0,0.0,0.0,0.0,0.0,0.0,0.0,0.0,0.0,0.0,0.0,0.0,-0.0,0.0,0.0,0.0,0.0,0.0,0.0,-0.0,-0.0,-0.0,-0.0,0.0,-0.0,0.0,0.0
-0.079386846308008074,0.0,0.093663447254150475,0.0,0.0,-0.013735990934890863,0.52390759877508497,-0.1230200947769422,0.065066722940268384,0.3610876842328411,0.24841346959787969,-0.18438743044944395,0.43102724271118031,0.0,0.199799420146207,0.0,0.041617427890127345,0.014422780318096962,0.0059296897801717208,0.0,0.2195383043984227,0.0,0.0,0.18576407391360239,0.0,-0.32204488129535935,0.35824168824317359,0.46883150903574711,0.0,0.29748512324687759,0.0,0.0,-0.10035144287245057,-0.23320229057248976,-0.15244466959226588,-0.29509801557852722,0.0,-0.025063556831053546,0.0,0.0
-2.9845140791289051,0.0,3.5212367039394707,0.0,0.0,-0.51639862574857609,19.696079104091215,-4.62488714381037,2.4461552477418631,13.574934986229042,9.338996722248492,-6.9319655306077514,16.20428237404191,0.0,7.5113726033980841,0.0,1.5645891637175122,0.54221817494218216,0.2229241172413734,0.0,8.2534474016394519,0.0,0.0,6.9837198449784337,0.0,-12.107137731713145,13.467941000508132,17.625517381401398,0.0,11.183824272562681,0.0,0.0,-3.7726690005006147,-8.7671390396131361,-5.7310912808029837,-11.094081994390464,0.0,-0.94225355602494965,0.0,0.0
-0.26153417222313458,0.0,0.30856739226216673,0.0,0.0,-0.045252219805824168,1.7259753540962897,-0.40528072534169457,0.21435757074202533,1.1895770267709762,0.81838004860768254,-0.6074509346780993,1.4199877986174303,0.0,0.65822461010558386,0.0,0.13710557931815082,0.047514797313079615,0.019534930285305396,0.0,0.72325292390812812,0.0,0.0,0.6119861861157011,0.0,-1.0609533614863254,1.1802011006582274,1.5445311954081042,0.0,0.98004303074602728,0.0,0.0,-0.33060050579684086,-0.7682679292836786,-0.50221783992974556,-0.97217887872231179,0.0,-0.082570059066773283,0.0,0.0
-2.5963361978503245,0.0,3.0632505236181014,0.0,0.0,-0.44923374760641638,17.134327993721858,-4.0233557571127925,2.1279984771013094,11.809324450732127,8.1243293208576031,-6.0303662680729113,14.09668836281468,0.0,6.5344133311764336,0.0,1.3610924166622747,0.47169510258957081,0.19392971171258089,0.0,7.1799709023938165,0.0,0.0,6.0753892085693915,0.0,-10.532434799028008,11.716246532278964,15.33307184013321,0.0,9.729211194650027,0.0,0.0,-3.2819805264133537,-7.626849743921472,-4.9856825436307437,-9.6511411574116419,0.0,-0.81970027622546926,0.0,0.0
-0.74144127036663576,0.0,0.87477899108873425,0.0,0.0,-0.12828864027418518,4.8930866214715536,-1.1489582921350916,0.60769706770125254,3.3724139925223078,2.3200820669992552,-1.7221045680748333,4.0256213876853337,0.0,1.866046363864406,0.0,0.38869006692277708,0.13470297736452608,0.055380921751606138,0.0,2.0503996175356818,0.0,0.0,1.734961865301976,0.0,-3.0077698889345754,3.3458335326580828,4.3786980565860603,0.0,2.7783916096071266,0.0,0.0,-0.93724218490550015,-2.1780157622539846,-1.4237720068206059,-2.7560969824184269,0.0,-0.23408355767935518,0.0,0.0
-0.0,0.0,0.0,0.0,0.0,-0.0,0.0,-0.0,0.0,0.0,0.0,-0.0,0.0,0.0,0.0,0.0,0.0,0.0,0.0,0.0,0.0,0.0,0.0,0.0,0.0,-0.0,0.0,0.0,0.0,0.0,0.0,0.0,-0.0,-0.0,-0.0,-0.0,0.0,-0.0,0.0,0.0
-1.6391323555408146,0.0,1.9339071151675367,0.0,0.0,-0.28361256585807648,10.817332296261164,-2.5400457016295741,1.3434589708552909,7.4555236029529786,5.1290934771515779,-3.8071219258678055,8.8995939819336396,0.0,4.1253395166915094,0.0,0.85929188249178701,0.29779298430028733,0.12243270553019459,0.0,4.532896251147883,0.0,0.0,3.8355460408073387,0.0,-6.6493910441971487,7.3967611715508781,9.6801539738202127,0.0,6.1422957767351951,0.0,0.0,-2.0719968683382084,-4.8150221055580538,-3.1475868104009299,-6.0930081982845827,0.0,-0.51749740488899754,0.0,0.0
-1.0221941748587895,0.0,1.2060213326641267,0.0,0.0,-0.17686620104648521,6.7458945724378285,-1.5840209067340361,0.8378066173411387,4.6494066032552217,3.1986004406097561,-2.3741937876122567,5.5499564121162184,0.0,2.5726403417163426,0.0,0.53587079397059512,0.18570938023191808,0.076351368443260625,0.0,2.8268004883802296,0.0,0.0,2.3919196073842186,0.0,-4.1466869766559764,4.6127612311614303,6.0367284986638152,0.0,3.8304527038433669,0.0,0.0,-1.2921367344018808,-3.002739547834635,-1.9628951204447582,-3.7997160306181659,0.0,-0.32272124395198176,0.0,0.0
-0.0,0.0,0.0,0.0,0.0,-0.0,0.0,-0.0,0.0,0.0,0.0,-0.0,0.0,0.0,0.0,0.0,0.0,0.0,0.0,0.0,0.0,0.0,0.0,0.0,0.0,-0.0,0.0,0.0,0.0,0.0,0.0,0.0,-0.0,-0.0,-0.0,-0.0,0.0,-0.0,0.0,0.0
-1.600694654260133,0.0,1.8885569372236279,0.0,0.0,-0.27696184296248483,10.563665540155693,-2.4804815562520011,1.3119548190215302,7.2806913582152886,5.0088160863423434,-3.7178448062801333,8.6908982449234014,0.0,4.0286001853690783,0.0,0.83914146292348057,0.29080973018092093,0.1195616550343348,0.0,4.426599702581214,0.0,0.0,3.7456023748998897,0.0,-6.4934626313442649,7.2233069075339804,9.4531540823599904,0.0,5.9982587626126582,0.0,0.0,-2.0234084816771358,-4.702109697522368,-3.0737758084008586,-5.9501269793063045,0.0,-0.50536207573427028,0.0,0.0
-0.0,0.0,0.0,0.0,0.0,-0.0,0.0,-0.0,0.0,0.0,0.0,-0.0,0.0,0.0,0.0,0.0,0.0,0.0,0.0,0.0,0.0,0.0,0.0,0.0,0.0,-0.0,0.0,0.0,0.0,0.0,0.0,0.0,-0.0,-0.0,-0.0,-0.0,0.0,-0.0,0.0,0.0
-1.0926918329171817,0.0,1.2891969969482902,0.0,0.0,-0.1890641310192171,7.2111386332654925,-1.6932660648329922,0.89558762009096671,4.9700621938977703,3.4191982934185732,-2.5379347929125169,5.932720214731706,0.0,2.7500676090382274,0.0,0.57282819103464799,0.19851719767779064,0.08161709270308326,0.0,3.0217564166476309,0.0,0.0,2.5568831091649162,0.0,-4.4326715065481226,4.9308895006992115,6.4530635081535186,0.0,4.0946275069933638,0.0,0.0,-1.3812515189575014,-3.2098294639074796,-2.0982700936241128,-4.0617710178543396,0.0,-0.34497835758447604,0.0,0.0
-0.0,0.0,0.0,0.0,0.0,-0.0,0.0,-0.0,0.0,0.0,0.0,-0.0,0.0,0.0,0.0,0.0,0.0,0.0,0.0,0.0,0.0,0.0,0.0,0.0,0.0,-0.0,0.0,0.0,0.0,0.0,0.0,0.0,-0.0,-0.0,-0.0,-0.0,0.0,-0.0,0.0,0.0
-0.56531133536757849,0.0,0.66697457960404427,0.0,0.0,-0.097813576670784164,3.7307301907884058,-0.87602238015070277,0.46333816928113603,2.5712944958976509,1.7689448158303385,-1.313017324406007,3.0693319799036187,0.0,1.4227656376510642,0.0,0.29635644731183319,0.10270418313007301,0.04222514186970816,0.0,1.5633256363691455,0.0,0.0,1.3228203609446931,0.0,-2.2932718751293715,2.551028244393875,3.3385350188505964,0.0,2.1183825796807962,0.0,0.0,-0.714599594449008,-1.6606264693123831,-1.0855538888963261,-2.1013840580563743,0.0,-0.17847683136639247,0.0,0.0
-2.2528414578836973,0.0,2.6579831152855333,0.0,0.0,-0.38980021606067039,14.867459957302144,-3.491066625710264,1.8464647203611388,10.246953277559578,7.0494822383488742,-5.2325500627331447,12.231699418938794,0.0,5.6699118040301002,0.0,1.1810201725056615,0.40928993844261363,0.16827285111352985,0.0,6.2300622425955563,0.0,0.0,5.2716164775488679,0.0,-9.1389958616889135,10.166189548394451,13.304509618885852,0.0,8.4420385734179568,0.0,0.0,-2.8477751841201293,-6.6178191061627984,-4.326077778154481,-8.3742971858985822,0.0,-0.7112540998536403,0.0,0.0
-0.70852787749768353,0.0,0.83594659025276263,0.0,0.0,-0.12259376653741572,4.675877128621674,-1.0979547707902615,0.58072072697952404,3.22270882895925,2.2170910741703871,-1.6456584536274457,3.8469196299466182,0.0,1.7832105149033974,0.0,0.3714356876641709,0.12872336415467078,0.052922501768922992,0.0,1.9593801250316696,0.0,0.0,1.6579450012999264,0.0,-2.8742516778900837,3.1973083049215218,4.1843228374676666,0.0,2.6550557524790488,0.0,0.0,-0.89563697424613675,-2.0813312488300317,-1.3605692026482259,-2.6337508082940557,0.0,-0.22369233128558719,0.0,0.0
-0.0,0.0,0.0,0.0,0.0,-0.0,0.0,-0.0,0.0,0.0,0.0,-0.0,0.0,0.0,0.0,0.0,0.0,0.0,0.0,0.0,0.0,0.0,0.0,0.0,0.0,-0.0,0.0,0.0,0.0,0.0,0.0,0.0,-0.0,-0.0,-0.0,-0.0,0.0,-0.0,0.0,0.0
-1.0202581324155862,0.0,1.2037371203834522,0.0,0.0,-0.17653121530657778,6.7331178040597273,-1.5810207607913318,0.83621980613612168,4.6406005967830604,3.1925422704849606,-2.3696970490724953,5.539444758424521,0.0,2.5677677441070399,0.0,0.53485585118700563,0.18535764545287803,0.076206758452773027,0.0,2.821446509793208,0.0,0.0,2.3873892960260408,0.0,-4.1388331244398913,4.6040246312633482,6.0252948954610552,0.0,3.8231978014053363,0.0,0.0,-1.2896894189878894,-2.9970523395199367,-1.9591773842668321,-3.7925193436399671,0.0,-0.32211000780822197,0.0,0.0
-0.0,0.0,0.0,0.0,0.0,-0.0,0.0,-0.0,0.0,0.0,0.0,-0.0,0.0,0.0,0.0,0.0,0.0,0.0,0.0,0.0,0.0,0.0,0.0,0.0,0.0,-0.0,0.0,0.0,0.0,0.0,0.0,0.0,-0.0,-0.0,-0.0,-0.0,0.0,-0.0,0.0,0.0
-0.0,0.0,0.0,0.0,0.0,-0.0,0.0,-0.0,0.0,0.0,0.0,-0.0,0.0,0.0,0.0,0.0,0.0,0.0,0.0,0.0,0.0,0.0,0.0,0.0,0.0,-0.0,0.0,0.0,0.0,0.0,0.0,0.0,-0.0,-0.0,-0.0,-0.0,0.0,-0.0,0.0,0.0
-0.23500980887165213,0.0,0.27727299749451756,0.0,0.0,-0.04066281448877529,1.5509297872451064,-0.36417782422962119,0.19261778031551202,1.068932091447842,0.73538129710857003,-0.5458442651838622,1.2759749837525867,0.0,0.59146855839379153,0.0,0.12320055814085151,0.042695925125972423,0.017553729952940245,0.0,0.64990180812202691,0.0,0.0,0.54991955891880995,0.0,-0.95335322564239178,1.0605070562601955,1.3878873951487964,0.0,0.88064868687643383,0.0,0.0,-0.2970715490819309,-0.6903514660758594,-0.45128373692263235,-0.87358210414913273,0.0,-0.074195940189596854,0.0,0.0
-2.6819516441780831,0.0,3.1642626964678451,0.0,0.0,-0.46404744848177282,17.69934077593523,-4.1560278660506755,2.1981702597666923,12.19874265647754,8.3922330235810119,-6.2292205227678137,14.561533503796408,0.0,6.7498887824303688,0.0,1.4059750997455946,0.48724947754773718,0.20032463808545709,0.0,7.4167339278978828,0.0,0.0,6.2757281165802956,0.0,-10.87974694873474,12.102595448485442,15.838687326392463,0.0,10.050036656135585,0.0,0.0,-3.3902054272719329,-7.878348816129928,-5.1500878454460004,-9.9693922215258102,0.0,-0.8467302906982237,0.0,0.0
-0.0,0.0,0.0,0.0,0.0,-0.0,0.0,-0.0,0.0,0.0,0.0,-0.0,0.0,0.0,0.0,0.0,0.0,0.0,0.0,0.0,0.0,0.0,0.0,0.0,0.0,-0.0,0.0,0.0,0.0,0.0,0.0,0.0,-0.0,-0.0,-0.0,-0.0,0.0,-0.0,0.0,0.0
-2.6491250299591522,0.0,3.1255326801941417,0.0,0.0,-0.45836758971039715,17.482703972343991,-4.1051588193480155,2.1712650442078929,12.049432201902615,8.2895135742954551,-6.1529759642839075,14.383302906759805,0.0,6.6672713364512362,0.0,1.3887662129631055,0.48128563004043551,0.19787269991302464,0.0,7.3259544151709965,0.0,0.0,6.1989143133661022,0.0,-10.746580768553608,11.954461818746948,15.644824592242724,0.0,9.9270259833245245,0.0,0.0,-3.3487099118976853,-7.7819192187392856,-5.0870516802477761,-9.8473686223443533,0.0,-0.83636646155888372,0.0,0.0
-0.72544630568627622,0.0,0.85590755834711474,0.0,0.0,-0.12552109501862871,4.7875290394803649,-1.1241720440040435,0.59458734003606184,3.2996615779294824,2.2700313991980976,-1.6849539496197505,3.9387774602078589,0.0,1.825790517751112,0.0,0.38030493361483197,0.13179705689395468,0.054186200169754256,0.0,2.0061667554414413,0.0,0.0,1.6975338789375896,0.0,-2.9428838688774941,3.2736545330256974,4.2842372765347685,0.0,2.7184539214313688,0.0,0.0,-0.91702324613899,-2.1310298625167174,-1.3930572572211952,-2.6966402517894057,0.0,-0.22903371976639042,0.0,0.0
-1.5530402870864988,0.0,1.8323326064462084,0.0,0.0,-0.26871639694784738,10.249174081706531,-2.4066350056094632,1.2728965411079523,7.0639375017949542,4.8596983515835603,-3.6071606473610456,8.4321610429654772,0.0,3.908664511242594,0.0,0.8141593370206115,0.28215201796652445,0.11600217853222383,0.0,4.2948151632900471,0.0,0.0,3.6340918439033212,0.0,-6.3001454039525218,7.0082614467002413,9.171723720616237,0.0,5.8196842763949022,0.0,0.0,-1.9631694782722942,-4.5621229352625736,-2.9822662624714549,-5.7729854270140155,0.0,-0.49031691402989619,0.0,0.0
-1.1044421980562653,0.0,1.3030604989842758,0.0,0.0,-0.19109725006271572,7.2886842956900084,-1.7114747618690895,0.90521840640518025,5.0235082285279926,3.4559669661772396,-2.5652267151338908,5.9965182835843018,0.0,2.7796407215937551,0.0,0.57898815325258468,0.20065197116911815,0.082494769841285454,0.0,3.0542511605336404,0.0,0.0,2.5843787939001386,0.0,-4.4803386595133814,4.9839142880621834,6.5224571379055281,0.0,4.1386594717855392,0.0,0.0,-1.3961049380165003,-3.2443466691238934,-2.1208340398510002,-4.10544965727797,0.0,-0.3486881150335428,0.0,0.0
-0.012732002444710844,0.0,0.015021672920386489,0.0,0.0,-0.0022029678504298378,0.084023904949277473,-0.019729869875062533,0.010435351875934806,0.057910970043708043,0.039840364610884693,-0.02957191681538629,0.069127823602461724,0.0,0.032043680081251802,0.0,0.0066745716486060758,0.0023131146129307112,0.00095099916785468253,0.0,0.035209387427529437,0.0,0.0,0.02979270185429761,0.0,-0.051649314800221724,0.05745453135665532,0.075190843279517861,0.0,0.047710439356025702,0.0,0.0,-0.016094288605761342,-0.03740080720880834,-0.024448960957604848,-0.047327596831316932,0.0,-0.0040196743123921408,0.0,0.0
-1.1338604713496849,0.0,1.3377692324466912,0.0,0.0,-0.19618737713125745,7.4828280063680577,-1.7570621474000525,0.92933009148632628,5.1573159897840055,3.5480212003263527,-2.6335549089481094,6.1562434498138554,0.0,2.853680115008165,0.0,0.59441026566010891,0.20599660082479865,0.084692126741211737,0.0,3.1356051648495327,0.0,0.0,2.6532171285694184,0.0,-4.5996783835519981,5.1166674125400684,6.6961913785613207,0.0,4.2488981204207157,0.0,0.0,-1.4332920327192777,-3.3307641178041911,-2.1773252491728896,-4.2148037187424219,0.0,-0.35797588245159062,0.0,0.0
-2.0927486284953218,0.0,2.469099855922789,0.0,0.0,-0.3620999891907446,13.810939214551434,-3.2429822646304096,1.7152500889835185,9.518777871751821,6.548527520336652,-4.8607113159239503,11.362482740883879,0.0,5.2669929834831688,0.0,1.0970937779875172,0.38020472072515155,0.15631494047150873,0.0,5.7873376610709641,0.0,0.0,4.8970015687243578,0.0,-8.4895548190685215,9.4437534252462676,12.359056231094794,0.0,7.8421251457354408,0.0,0.0,-2.6454048020000887,-6.1475395037617897,-4.0186553320541112,-7.7791976390849218,0.0,-0.66071051594489205,0.0,0.0
-0.0,0.0,0.0,0.0,0.0,-0.0,0.0,-0.0,0.0,0.0,0.0,-0.0,0.0,0.0,0.0,0.0,0.0,0.0,0.0,0.0,0.0,0.0,0.0,0.0,0.0,-0.0,0.0,0.0,0.0,0.0,0.0,0.0,-0.0,-0.0,-0.0,-0.0,0.0,-0.0,0.0,0.0
-2.3118694007515046,0.0,2.727626398404114,0.0,0.0,-0.40001358673660903,15.257010484205821,-3.5825379898442122,1.894844961962022,10.515439357891692,7.2341896146077325,-5.3696509959013845,12.552188928731269,0.0,5.8184722936564732,0.0,1.2119647341056066,0.42001397009526897,0.17268186099168759,0.0,6.393299543130798,0.0,0.0,5.4097410114208877,0.0,-9.3784517380467918,10.432559493667762,13.653108421042809,0.0,8.6632330870645831,0.0,0.0,-2.9223913140214819,-6.7912162383671308,-4.4394277305166305,-8.5937167700497099,0.0,-0.72989006121866851,0.0,0.0
-0.0,0.0,0.0,0.0,0.0,-0.0,0.0,-0.0,0.0,0.0,0.0,-0.0,0.0,0.0,0.0,0.0,0.0,0.0,0.0,0.0,0.0,0.0,0.0,0.0,0.0,-0.0,0.0,0.0,0.0,0.0,0.0,0.0,-0.0,-0.0,-0.0,-0.0,0.0,-0.0,0.0,0.0
-0.038116288476559568,0.0,0.044970963595112476,0.0,0.0,-0.0065951101137631807,0.25154561616536175,-0.059066075036395826,0.031240716783146327,0.17337031230781438,0.1192716414495068,-0.088530591871535391,0.20695064092473126,0.0,0.095930405223490223,0.0,0.019981923465732798,0.0069248607395955286,0.0028470430146654291,0.0,0.10540770582620956,0.0,0.0,0.089191564587413896,0.0,-0.15462455266490482,0.17200385414515584,0.22510173758476471,0.0,0.14283258880406047,0.0,0.0,-0.048182094685117471,-0.11196824403841871,-0.073193800649900276,-0.14168645832095206,0.0,-0.012033854559665436,0.0,0.0
-0.0,0.0,0.0,0.0,0.0,-0.0,0.0,-0.0,0.0,0.0,0.0,-0.0,0.0,0.0,0.0,0.0,0.0,0.0,0.0,0.0,0.0,0.0,0.0,0.0,0.0,-0.0,0.0,0.0,0.0,0.0,0.0,0.0,-0.0,-0.0,-0.0,-0.0,0.0,-0.0,0.0,0.0
-0.0,0.0,0.0,0.0,0.0,-0.0,0.0,-0.0,0.0,0.0,0.0,-0.0,0.0,0.0,0.0,0.0,0.0,0.0,0.0,0.0,0.0,0.0,0.0,0.0,0.0,-0.0,0.0,0.0,0.0,0.0,0.0,0.0,-0.0,-0.0,-0.0,-0.0,0.0,-0.0,0.0,0.0
-0.0,0.0,0.0,0.0,0.0,-0.0,0.0,-0.0,0.0,0.0,0.0,-0.0,0.0,0.0,0.0,0.0,0.0,0.0,0.0,0.0,0.0,0.0,0.0,0.0,0.0,-0.0,0.0,0.0,0.0,0.0,0.0,0.0,-0.0,-0.0,-0.0,-0.0,0.0,-0.0,0.0,0.0
-0.0,0.0,0.0,0.0,0.0,-0.0,0.0,-0.0,0.0,0.0,0.0,-0.0,0.0,0.0,0.0,0.0,0.0,0.0,0.0,0.0,0.0,0.0,0.0,0.0,0.0,-0.0,0.0,0.0,0.0,0.0,0.0,0.0,-0.0,-0.0,-0.0,-0.0,0.0,-0.0,0.0,0.0
-0.0,0.0,0.0,0.0,0.0,-0.0,0.0,-0.0,0.0,0.0,0.0,-0.0,0.0,0.0,0.0,0.0,0.0,0.0,0.0,0.0,0.0,0.0,0.0,0.0,0.0,-0.0,0.0,0.0,0.0,0.0,0.0,0.0,-0.0,-0.0,-0.0,-0.0,0.0,-0.0,0.0,0.0
-0.0,0.0,0.0,0.0,0.0,-0.0,0.0,-0.0,0.0,0.0,0.0,-0.0,0.0,0.0,0.0,0.0,0.0,0.0,0.0,0.0,0.0,0.0,0.0,0.0,0.0,-0.0,0.0,0.0,0.0,0.0,0.0,0.0,-0.0,-0.0,-0.0,-0.0,0.0,-0.0,0.0,0.0
-4.6016528638622134,0.0,5.4291950158094577,0.0,0.0,-0.79620573134103534,30.368266462543101,-7.130850988166948,3.7715879378623463,20.930421770486877,14.399268984208554,-10.688004207849332,24.984463271523847,0.0,11.58135908745702,0.0,2.4123512287433613,0.83601542877930868,0.34371404367009362,0.0,12.72552210025944,0.0,0.0,10.767801247711372,0.0,-18.667308492836145,20.765453816657569,27.175784863059398,0.0,17.243703875503478,0.0,0.0,-5.8168642031083628,-13.517554080793307,-8.8364443611739283,-17.105335350372837,0.0,-1.4528072777033429,0.0,0.0
-0.88913689875640856,0.0,1.0490355882796802,0.0,0.0,-0.15384382865909374,5.8677929565619502,-1.3778316010980785,0.72875075579764914,4.0442012583832216,2.7822440648495403,-2.0651490228418821,4.8275280312411839,0.0,2.2377641267279689,0.0,0.46611740470050123,0.16153590625987757,0.066412840752909652,0.0,2.4588406796474969,0.0,0.0,2.0805675028211237,0.0,-3.6069197900162342,4.0123259520093137,5.2509378237044473,0.0,3.3318491943068285,0.0,0.0,-1.1239414947302295,-2.6118780511576798,-1.7073884032037656,-3.3051134615256084,0.0,-0.28071316885553088,0.0,0.0
-0.0,0.0,0.0,0.0,0.0,-0.0,0.0,-0.0,0.0,0.0,0.0,-0.0,0.0,0.0,0.0,0.0,0.0,0.0,0.0,0.0,0.0,0.0,0.0,0.0,0.0,-0.0,0.0,0.0,0.0,0.0,0.0,0.0,-0.0,-0.0,-0.0,-0.0,0.0,-0.0,0.0,0.0
-0.0,0.0,0.0,0.0,0.0,-0.0,0.0,-0.0,0.0,0.0,0.0,-0.0,0.0,0.0,0.0,0.0,0.0,0.0,0.0,0.0,0.0,0.0,0.0,0.0,0.0,-0.0,0.0,0.0,0.0,0.0,0.0,0.0,-0.0,-0.0,-0.0,-0.0,0.0,-0.0,0.0,0.0
-0.46700099684995067,0.0,0.55098451784296065,0.0,0.0,-0.080803328985104672,3.0819384099976306,-0.72367790843471447,0.38276145089542002,2.1241341145197601,1.4613168721058314,-1.0846773468289934,2.5355605037468516,0.0,1.1753399047533215,0.0,0.24481864710451262,0.084843435646337007,0.03488198822771249,0.0,1.2914558490336356,0.0,0.0,1.0927755885399015,0.0,-1.8944609540458073,2.1073922608498328,2.7579478497595225,0.0,1.7499857415334592,0.0,0.0,-0.5903273153708577,-1.371835602871893,-0.89677088806169292,-1.7359433439253893,0.0,-0.14743885881667396,0.0,0.0
-1.476793421869349,0.0,1.7423738214498528,0.0,0.0,-0.25552370447870509,9.7459885550380534,-2.2884807140399754,1.2104033966530148,6.71713188761984,4.6211103585416522,-3.4300662770585797,8.0181821836414748,0.0,3.7167677403437125,0.0,0.77418799966944007,0.26829970063546593,0.11030702526093616,0.0,4.083960238526779,0.0,0.0,3.4556752803970028,0.0,-5.990838336094817,6.6641892610806686,8.7214358638558203,0.0,5.5339655565920243,0.0,0.0,-1.866787227371991,-4.3381444747928875,-2.8358512237586506,-5.489559397815591,0.0,-0.46624469390232903,0.0,0.0
-0.0,0.0,0.0,0.0,0.0,-0.0,0.0,-0.0,0.0,0.0,0.0,-0.0,0.0,0.0,0.0,0.0,0.0,0.0,0.0,0.0,0.0,0.0,0.0,0.0,0.0,-0.0,0.0,0.0,0.0,0.0,0.0,0.0,-0.0,-0.0,-0.0,-0.0,0.0,-0.0,0.0,0.0
-0.0,0.0,0.0,0.0,0.0,-0.0,0.0,-0.0,0.0,0.0,0.0,-0.0,0.0,0.0,0.0,0.0,0.0,0.0,0.0,0.0,0.0,0.0,0.0,0.0,0.0,-0.0,0.0,0.0,0.0,0.0,0.0,0.0,-0.0,-0.0,-0.0,-0.0,0.0,-0.0,0.0,0.0
-1.521428152692792,0.0,1.795035477008817,0.0,0.0,-0.26324667480043029,10.040552147562618,-2.3576479510774462,1.2469867325464001,6.9201510569021369,4.7607791936708344,-3.5337368938935887,8.2605244084647289,0.0,3.8291036467520057,0.0,0.79758712405627818,0.27640881375889492,0.11364095423674669,0.0,4.2073942024386346,0.0,0.0,3.5601199059415167,0.0,-6.1719059468916448,6.8656082878855766,8.985033288121409,0.0,5.7012246053843896,0.0,0.0,-1.9232091643636373,-4.4692609248245274,-2.9215622339469105,-5.6554763110631079,0.0,-0.4803365134500126,0.0,0.0
-0.0,0.0,0.0,0.0,0.0,-0.0,0.0,-0.0,0.0,0.0,0.0,-0.0,0.0,0.0,0.0,0.0,0.0,0.0,0.0,0.0,0.0,0.0,0.0,0.0,0.0,-0.0,0.0,0.0,0.0,0.0,0.0,0.0,-0.0,-0.0,-0.0,-0.0,0.0,-0.0,0.0,0.0
-3.0161213290145756,0.0,3.5585280704591735,0.0,0.0,-0.52186750274895399,19.904668803286953,-4.6738666291710507,2.4720610528828755,13.718699214145401,9.4379005957955453,-7.0053779390989606,16.375892488330198,0.0,7.5909211746446559,0.0,1.5811588160478056,0.54796049174604589,0.2252849766953342,0.0,8.3408548547542303,0.0,0.0,7.0576803532619721,0.0,-12.235357374020271,13.610572117454572,17.812178967665645,0.0,11.302265639930425,0.0,0.0,-3.812623139993081,-8.8599867015978138,-5.791785929723118,-11.211572953572389,0.0,-0.95223241449615337,0.0,0.0
-0.0,0.0,0.0,0.0,0.0,-0.0,0.0,-0.0,0.0,0.0,0.0,-0.0,0.0,0.0,0.0,0.0,0.0,0.0,0.0,0.0,0.0,0.0,0.0,0.0,0.0,-0.0,0.0,0.0,0.0,0.0,0.0,0.0,-0.0,-0.0,-0.0,-0.0,0.0,-0.0,0.0,0.0
-0.0,0.0,0.0,0.0,0.0,-0.0,0.0,-0.0,0.0,0.0,0.0,-0.0,0.0,0.0,0.0,0.0,0.0,0.0,0.0,0.0,0.0,0.0,0.0,0.0,0.0,-0.0,0.0,0.0,0.0,0.0,0.0,0.0,-0.0,-0.0,-0.0,-0.0,0.0,-0.0,0.0,0.0
-0.0,0.0,0.0,0.0,0.0,-0.0,0.0,-0.0,0.0,0.0,0.0,-0.0,0.0,0.0,0.0,0.0,0.0,0.0,0.0,0.0,0.0,0.0,0.0,0.0,0.0,-0.0,0.0,0.0,0.0,0.0,0.0,0.0,-0.0,-0.0,-0.0,-0.0,0.0,-0.0,0.0,0.0
-1.1888872403317876,0.0,1.4026917871747735,0.0,0.0,-0.20570844057017945,7.845973083247836,-1.8423331796965492,0.97443090727846915,5.4076029013647053,3.720208297299195,-2.7613625371687758,6.4550087694190541,0.0,2.9921705204902929,0.0,0.62325726861642039,0.2159937103908387,0.088802274515606072,0.0,3.2877775223706291,0.0,0.0,2.7819789733309341,0.0,-4.8229028862127219,5.3649816300142419,7.0211606189207059,0.0,4.4550990959451333,0.0,0.0,-1.5028503527782267,-3.4924076288669945,-2.2829918426493507,-4.4193500773081045,0.0,-0.37534861629544736,0.0,0.0
-0.57477962825198414,0.0,0.67814561098277681,0.0,0.0,-0.099451837809468147,3.7932154867821808,-0.89069471369442654,0.47109853284863035,2.6143606222179185,1.7985725387588769,-1.3350088038121137,3.1207396420661047,0.0,1.4465952708467071,0.0,0.30132006552675161,0.10442435611350853,0.04293236280319257,0.0,1.589509482460288,0.0,0.0,1.344976029559998,0.0,-2.3316814530359888,2.5937549350918547,3.3944515119150216,0.0,2.1538629697787566,0.0,0.0,-0.72656828821475616,-1.6884399886942694,-1.1037356261423921,-2.1365797431231908,0.0,-0.18146610613718561,0.0,0.0
-1.4180863227778104,0.0,1.6731090813206075,0.0,0.0,-0.24536584812796391,9.3585554128174095,-2.1975065384656034,1.1622861237184594,6.4501051515186827,4.4374069510681586,-3.2937105499570016,7.6994346804238631,0.0,3.5690147446969753,0.0,0.74341163586728953,0.25763395898319175,0.10592198036123079,0.0,3.9216102071286123,0.0,0.0,3.3183015163280594,0.0,-5.7526840115764202,6.3992671578796685,8.3747318550908219,0.0,5.3139733359544437,0.0,0.0,-1.7925766701490176,-4.1656898350419205,-2.723117380056042,-5.2713324591226325,0.0,-0.4477100274821737,0.0,0.0
-0.51880614319515495,0.0,0.61210608669041988,0.0,0.0,-0.089766967845597345,3.4238226274485259,-0.80395662348272001,0.42522177349150025,2.3597676129529415,1.6234230237560445,-1.2050022906060591,2.8168341709333276,0.0,1.3057221869793016,0.0,0.27197676009963168,0.094255249817476017,0.038751501391790288,0.0,1.4347190534140197,0.0,0.0,1.2139988828554076,0.0,-2.1046164518533463,2.341168559436952,3.0638912908505915,0.0,1.9441143794885738,0.0,0.0,-0.65581324189059265,-1.5240154582634533,-0.99625107634292209,-1.928514236890599,0.0,-0.1637944805594298,0.0,0.0
-0.0,0.0,0.0,0.0,0.0,-0.0,0.0,-0.0,0.0,0.0,0.0,-0.0,0.0,0.0,0.0,0.0,0.0,0.0,0.0,0.0,0.0,0.0,0.0,0.0,0.0,-0.0,0.0,0.0,0.0,0.0,0.0,0.0,-0.0,-0.0,-0.0,-0.0,0.0,-0.0,0.0,0.0
-3.2280346794918167,0.0,3.808551038343126,0.0,0.0,-0.55853402871024671,21.303175227967976,-5.0022535304350679,2.6457486082412212,14.682578049752083,10.101009575360246,-7.4975773397506691,17.526466310037474,0.0,8.1242609723023147,0.0,1.692251383552307,0.58646031687509659,0.24111354889647085,0.0,8.9268851583470976,0.0,0.0,7.5535545330801259,0.0,-13.095016284446857,14.566853919375404,19.063666594515034,0.0,12.096365319111429,0.0,0.0,-4.080498883561714,-9.4824913233640817,-6.1987180878586692,-11.999300544586703,0.0,-1.0191364741729707,0.0,0.0
-1.0181823357170057,0.0,1.2012880210221613,0.0,0.0,-0.17617204844253898,6.7194187378481907,-1.5778040477151345,0.83451845011874282,4.6311589240414515,3.186046788121629,-2.3648757110651677,5.5281743154099861,0.0,2.5625434154429607,0.0,0.53376764421777345,0.18498052051139213,0.076051709713067073,0.0,2.8157060514090309,0.0,0.0,2.3825319617285095,0.0,-4.1304123377166846,4.5946573752463511,6.0130359515187415,0.0,3.815419199969063,0.0,0.0,-1.2870654428066941,-2.9909545970426299,-1.9551912813219179,-3.7848031599775136,0.0,-0.32145464925772949,0.0,0.0
-1.6515336031475982,0.0,1.948538551672736,0.0,0.0,-0.28575830451164652,10.899173409211759,-2.5592630244845438,1.353623230800995,7.5119301487245274,5.1678988597635938,-3.8359256167426183,8.9669259873063147,0.0,4.1565507588072572,0.0,0.86579306060913552,0.3000460082988603,0.12335899942666728,0.0,4.5671909611487722,0.0,0.0,3.8645647811174078,0.0,-6.6996986014207458,7.4527231361027768,9.7533914923740621,0.0,6.188766783511376,0.0,0.0,-2.0876730558760137,-4.8514513061417128,-3.1714006307234195,-6.1391063081057133,0.0,-0.52141265519334468,0.0,0.0
-0.31289287098268481,0.0,0.36916222624314188,0.0,0.0,-0.054138611612495668,2.0649132738485529,-0.48486761262660938,0.25645197779020235,1.4231798774037689,0.97908919812336526,-0.72673893937800693,1.6988374991040209,0.0,0.78748328089103292,0.0,0.16402964850038693,0.056845502134863057,0.023371096669543068,0.0,0.86528151133979259,0.0,0.0,0.73216479952804836,0.0,-1.2692977763952098,1.4119627564646489,1.8478380700524417,0.0,1.172498702445167,0.0,0.0,-0.39552208618782947,-0.91913632560567027,-0.60084072554875234,-1.1630902298022678,0.0,-0.098784730955044253,0.0,0.0
-0.12763653921504314,0.0,0.15059016467397529,0.0,0.0,-0.022084443798365383,0.84232786520667968,-0.19778917895686199,0.1046129393015347,0.58054935435828059,0.39939406877126848,-0.29645431947266387,0.69299673844718424,0.0,0.32123339962002961,0.0,0.066911644862653219,0.023188649647555515,0.0095336333077584712,0.0,0.35296917186804477,0.0,0.0,0.29866765852906707,0.0,-0.5177771385574319,0.57597362052283274,0.75377766054743356,0.0,0.4782904645421322,0.0,0.0,-0.16134298651669265,-0.37493784789245299,-0.24509740534402336,-0.47445252191446041,0.0,-0.040296671339273615,0.0,0.0
7.3042103446754026e-157,2.0985747484865592e-135,40.288424880683912,-40.288424880683912
0.0,0.0,0.0,-0.0
9.3184557402452536e-157,2.6772881651229825e-135,51.398561429508305,-51.398561429508305
0.0,0.0,0.0,-0.0
0.0,0.0,0.0,-0.0
4.7401970369747336e-158,1.3619073568845935e-136,2.6145888909540145,-2.6145888909540145
9.8166093065733865e-159,2.820412807737749e-137,0.54146267422215133,-0.54146267422215133
2.6448566618465084e-157,7.5989451864069997e-136,14.588450210590812,-14.588450210590812
1.751174569098725e-158,5.0313046277225341e-137,0.96590954738219992,-0.96590954738219992
2.3489005342855418e-157,6.7486327958115289e-136,12.956021015570418,-12.956021015570418
5.9743845641020632e-157,1.7165021258064057e-135,32.953397062915506,-32.953397062915506
1.0463528011152682e-156,3.0062792044719842e-135,57.714529342869135,-57.714529342869135
7.037266178649931e-158,2.0218789443350217e-136,3.8816019312833037,-3.8816019312833037
0.0,0.0,0.0,-0.0
1.0395957991702878e-157,2.986865642994326e-136,5.7341827911184016,-5.7341827911184016
0.0,0.0,0.0,-0.0
8.3295196384166655e-158,2.3931566528538847e-136,4.5943806436128103,-4.5943806436128103
7.4990281331209639e-157,2.1545479026120953e-135,41.362997143095775,-41.362997143095775
3.1747606720223076e-157,9.1214139029430056e-136,17.511284699264017,-17.511284699264017
0.0,0.0,0.0,-0.0
6.5612284237347756e-157,1.8851084017780941e-135,36.190299293248778,-36.190299293248778
0.0,0.0,0.0,-0.0
0.0,0.0,0.0,-0.0
3.5341202008739163e-157,1.0153890785848993e-135,19.493433172555196,-19.493433172555196
0.0,0.0,0.0,-0.0
3.8430310397153008e-157,1.1041423394214942e-135,21.197317718344966,-21.197317718344966
5.2867670553894805e-157,1.5189425440983863e-135,29.160649450354658,-29.160649450354658
7.2610610186910717e-157,2.086177503383816e-135,40.050422646829965,-40.050422646829965
0.0,0.0,0.0,-0.0
3.1742371832156927e-157,9.1199098657660387e-136,17.508397249633468,-17.508397249633468
0.0,0.0,0.0,-0.0
0.0,0.0,0.0,-0.0
3.5815307882744961e-157,1.0290106279153209e-135,19.754939591305824,-19.754939591305824
2.2314365539895973e-157,6.4111467004316369e-136,12.308115420985628,-12.308115420985628
4.3518979965052995e-158,1.2503450492924063e-136,2.4004116426961177,-2.4004116426961177
3.2551288015809251e-157,9.3523198042191897e-136,17.954577703946416,-17.954577703946416
0.0,0.0,0.0,-0.0
4.1102305350415113e-157,1.1809115023069391e-135,22.671131626710043,-22.671131626710043
0.0,0.0,0.0,-0.0
0.0,0.0,0.0,-0.0
