-59319627776.0,-10099437568.0,-0.0,-0.0,-0.0,-0.0,118953279488.0,-0.0,-0.0,42094661632.0,-0.0,-0.0,-0.0,-21783470080.0
59319627776.0,10099437568.0,0.0,0.0,0.0,0.0,-118953279488.0,0.0,0.0,-42094661632.0,0.0,0.0,0.0,21783470080.0
59319627776.0,10099437568.0,0.0,0.0,0.0,0.0,-118953279488.0,0.0,0.0,-42094661632.0,0.0,0.0,0.0,21783470080.0
59319627776.0,10099437568.0,0.0,0.0,0.0,0.0,-118953279488.0,0.0,0.0,-42094661632.0,0.0,0.0,0.0,21783470080.0
-59319627776.0,-10099437568.0,-0.0,-0.0,-0.0,-0.0,118953279488.0,-0.0,-0.0,42094661632.0,-0.0,-0.0,-0.0,-21783470080.0
-59319627776.0,-10099437568.0,-0.0,-0.0,-0.0,-0.0,118953279488.0,-0.0,-0.0,42094661632.0,-0.0,-0.0,-0.0,-21783470080.0
59319627776.0,10099437568.0,0.0,0.0,0.0,0.0,-118953279488.0,0.0,0.0,-42094661632.0,0.0,0.0,0.0,21783470080.0
-59319627776.0,-10099437568.0,-0.0,-0.0,-0.0,-0.0,118953279488.0,-0.0,-0.0,42094661632.0,-0.0,-0.0,-0.0,-21783470080.0
59319627776.0,10099437568.0,0.0,0.0,0.0,0.0,-118953279488.0,0.0,0.0,-42094661632.0,0.0,0.0,0.0,21783470080.0
59319627776.0,10099437568.0,0.0,0.0,0.0,0.0,-118953279488.0,0.0,0.0,-42094661632.0,0.0,0.0,0.0,21783470080.0
-59319627776.0,-10099437568.0,-0.0,-0.0,-0.0,-0.0,118953279488.0,-0.0,-0.0,42094661632.0,-0.0,-0.0,-0.0,-21783470080.0
-59319627776.0,-10099437568.0,-0.0,-0.0,-0.0,-0.0,118953279488.0,-0.0,-0.0,42094661632.0,-0.0,-0.0,-0.0,-21783470080.0
59319627776.0,10099437568.0,0.0,0.0,0.0,0.0,-118953279488.0,0.0,0.0,-42094661632.0,0.0,0.0,0.0,21783470080.0
59319627776.0,10099437568.0,0.0,0.0,0.0,0.0,-118953279488.0,0.0,0.0,-42094661632.0,0.0,0.0,0.0,21783470080.0
0.0,-47166412261.124908,0.0,0.0,0.0,125362289841.05942,0.0,81790419946.338455,-60017718789.997948,145316335603.94476,-59945865289.891159,59054809534.975876,0.0,0.0
0.0,-18120146198.319534,0.0,0.0,0.0,48161030504.081161,0.0,31421816839.588814,-23057294096.136852,55826871706.284523,-23029689793.320946,22687368641.978539,0.0,0.0
0.0,-0.0,0.0,0.0,0.0,0.0,0.0,0.0,-0.0,0.0,-0.0,0.0,0.0,0.0
0.0,-0.0,0.0,0.0,0.0,0.0,0.0,0.0,-0.0,0.0,-0.0,0.0,0.0,0.0
0.0,-0.0,0.0,0.0,0.0,0.0,0.0,0.0,-0.0,0.0,-0.0,0.0,0.0,0.0
0.0,-0.0,0.0,0.0,0.0,0.0,0.0,0.0,-0.0,0.0,-0.0,0.0,0.0,0.0
0.0,-4302123369.0443344,0.0,0.0,0.0,11434493548.847849,0.0,7460234097.6676283,-5474311447.1735172,13254533752.631664,-5467757575.3156013,5386482964.7914925,0.0,0.0
0.0,-0.0,0.0,0.0,0.0,0.0,0.0,0.0,-0.0,0.0,-0.0,0.0,0.0,0.0
0.0,-0.0,0.0,0.0,0.0,0.0,0.0,0.0,-0.0,0.0,-0.0,0.0,0.0,0.0
0.0,-4090989541.6452942,0.0,0.0,0.0,10873326845.747429,0.0,7094110757.3499184,-5205650549.0382614,12604045563.074112,-5199418319.2930756,5122132394.8475189,0.0,0.0
0.0,-0.0,0.0,0.0,0.0,0.0,0.0,0.0,-0.0,0.0,-0.0,0.0,0.0,0.0
0.0,-0.0,0.0,0.0,0.0,0.0,0.0,0.0,-0.0,0.0,-0.0,0.0,0.0,0.0
0.0,-0.0,0.0,0.0,0.0,0.0,0.0,0.0,-0.0,0.0,-0.0,0.0,0.0,0.0
0.0,-42260951738.850586,0.0,0.0,0.0,112324203323.20728,0.0,73283949835.240112,-53775680524.900635,130202963325.37842,-53711300022.871582,52912916969.129395,0.0,0.0
0.0,0.0,-0.0,0.0,0.0,0.0,0.0,0.0,0.0,0.0,0.0,0.0,0.0,0.0
0.0,178658261361.55164,-144089725761.89862,0.0,0.0,0.0,0.0,0.0,30028858912.458527,0.0,5421375264.8290834,0.0,0.0,119250262347.1031
0.0,0.0,-0.0,0.0,0.0,0.0,0.0,0.0,0.0,0.0,0.0,0.0,0.0,0.0
0.0,0.0,-0.0,0.0,0.0,0.0,0.0,0.0,0.0,0.0,0.0,0.0,0.0,0.0
0.0,0.0,-0.0,0.0,0.0,0.0,0.0,0.0,0.0,0.0,0.0,0.0,0.0,0.0
0.0,192482291484.21289,-155238948272.61963,0.0,0.0,0.0,0.0,0.0,32352400219.708187,0.0,5840864710.1874533,0.0,0.0,128477483110.68982
0.0,0.0,-0.0,0.0,0.0,0.0,0.0,0.0,0.0,0.0,0.0,0.0,0.0,0.0
0.0,13529678345.007711,-10911824773.855106,0.0,0.0,0.0,0.0,0.0,2274066696.1433673,0.0,410557356.60765678,0.0,0.0,9030747751.7035046
0.0,78145286946.125961,-63024977853.475151,0.0,0.0,0.0,0.0,0.0,13134650357.029665,0.0,2371314500.0070596,0.0,0.0,52160173834.091988
0.0,77942921005.513,-62861767640.500656,0.0,0.0,0.0,0.0,0.0,13100636714.262505,0.0,2365173716.4993615,0.0,0.0,52025099243.506004
0.0,18470745243.319748,-14896846059.314644,0.0,0.0,0.0,0.0,0.0,3104560621.4489808,0.0,560493764.02721,0.0,0.0,12328795764.752747
0.0,215281380607.65762,-173626648199.74548,0.0,0.0,0.0,0.0,0.0,36184468355.840996,0.0,6532701834.8325996,0.0,0.0,143695348428.11685
0.0,0.0,-0.0,0.0,0.0,0.0,0.0,0.0,0.0,0.0,0.0,0.0,0.0,0.0
0.0,0.0,-0.0,0.0,0.0,0.0,0.0,0.0,0.0,0.0,0.0,0.0,0.0,0.0
0.0,0.0,0.0,-0.0,0.0,-0.0,-0.0,0.0,0.0,0.0,0.0,0.0,-0.0,0.0
0.0,0.0,0.0,-61687885599.741417,0.0,-165191774121.9382,-33115473066.657261,38776620485.275856,155588624228.00385,0.0,55444249380.694115,0.0,-103170033114.3597,0.0
0.0,0.0,0.0,-53996457396.88472,0.0,-144595174676.05389,-28986537846.726547,33941836645.429489,136189373940.91087,0.0,48531296225.841972,0.0,-90306487951.956329,0.0
0.0,0.0,0.0,-0.0,0.0,-0.0,-0.0,0.0,0.0,0.0,0.0,0.0,-0.0,0.0
0.0,0.0,0.0,-0.0,0.0,-0.0,-0.0,0.0,0.0,0.0,0.0,0.0,-0.0,0.0
0.0,0.0,0.0,-0.0,0.0,-0.0,-0.0,0.0,0.0,0.0,0.0,0.0,-0.0,0.0
0.0,0.0,0.0,-0.0,0.0,-0.0,-0.0,0.0,0.0,0.0,0.0,0.0,-0.0,0.0
0.0,0.0,0.0,-0.0,0.0,-0.0,-0.0,0.0,0.0,0.0,0.0,0.0,-0.0,0.0
0.0,0.0,0.0,-78924768230.098633,0.0,-211349803277.2164,-42368627344.020271,49611617496.575714,199063332890.21967,0.0,70936529750.03923,0.0,-131997893470.94389,0.0
0.0,0.0,0.0,-0.0,0.0,-0.0,-0.0,0.0,0.0,0.0,0.0,0.0,-0.0,0.0
0.0,0.0,0.0,-102788652907.45253,0.0,-275254043290.75238,-55179308446.4058,64612306699.027817,259252605866.384,0.0,92385071232.370087,0.0,-171909097242.37259,0.0
0.0,0.0,0.0,-0.0,0.0,-0.0,-0.0,0.0,0.0,0.0,0.0,0.0,-0.0,0.0
0.0,0.0,0.0,-0.0,0.0,-0.0,-0.0,0.0,0.0,0.0,0.0,0.0,-0.0,0.0
0.0,0.0,0.0,-63381723194.192093,0.0,-169727641003.76428,-34024763970.259869,39841356242.145149,159860806009.30576,0.0,56966648034.563881,0.0,-106002895336.99611,0.0
0.0,0.0,-0.0,0.0,0.0,0.0,0.0,0.0,0.0,0.0,0.0,-0.0,0.0,0.0
0.0,0.0,-0.0,0.0,0.0,0.0,0.0,0.0,0.0,0.0,0.0,-0.0,0.0,0.0
0.0,0.0,-0.0,0.0,0.0,0.0,0.0,0.0,0.0,0.0,0.0,-0.0,0.0,0.0
69888237784.923157,44610123716.091736,-7861676139.8874445,0.0,43542100560.106934,0.0,0.0,0.0,0.0,0.0,46786631631.266884,-123915259854.29271,0.0,0.0
0.0,0.0,-0.0,0.0,0.0,0.0,0.0,0.0,0.0,0.0,0.0,-0.0,0.0,0.0
3591541329.6740284,2292504549.0670352,-404009825.85669267,0.0,2237619071.5196848,0.0,0.0,0.0,0.0,0.0,2404354817.144628,-6367978235.6738453,0.0,0.0
63916656142.982155,40798423718.052879,-7189937340.9165373,0.0,39821657512.788086,0.0,0.0,0.0,0.0,0.0,42788960501.006935,-113327353872.46703,0.0,0.0
101222733292.08466,64611139129.551582,-11386470346.920729,0.0,63064266200.794716,0.0,0.0,0.0,0.0,0.0,67763487610.334312,-179472851177.77457,0.0,0.0
92691958300.523331,59165889115.681732,-10426849782.265795,0.0,57749382404.735687,0.0,0.0,0.0,0.0,0.0,62052566292.104904,-164347370362.37665,0.0,0.0
0.0,0.0,-0.0,0.0,0.0,0.0,0.0,0.0,0.0,0.0,0.0,-0.0,0.0,0.0
222805542235.88004,142218249004.37985,-25063230534.171185,0.0,138813363061.74124,0.0,0.0,0.0,0.0,0.0,149157013546.04208,-395045111140.1709,0.0,0.0
0.0,0.0,-0.0,0.0,0.0,0.0,0.0,0.0,0.0,0.0,0.0,-0.0,0.0,0.0
36883529471.301361,23543000438.277233,-4149000930.4815974,0.0,22979351034.62471,0.0,0.0,0.0,0.0,0.0,24691652863.609974,-65396299629.774635,0.0,0.0
0.0,0.0,-0.0,0.0,0.0,0.0,0.0,0.0,0.0,0.0,0.0,-0.0,0.0,0.0
129249883902.43375,-125256380015.33592,0.0,26733759123.853432,-13768120163.319719,-134856103503.85513,0.0,0.0,0.0,-56431316746.993408,-19543907307.802605,0.0,-38145358008.501122,0.0
25663167271.396736,-24870238448.877041,0.0,5308112560.523241,-2733724473.0578122,-26776308320.715321,0.0,0.0,0.0,-11204701136.26148,-3880533948.9157333,0.0,-7573938742.8652411,0.0
224175195499.33539,-217248732684.92157,0.0,46367899893.402817,-23879874674.397461,-233898804814.98895,0.0,0.0,0.0,-97876308141.147659,-33897587442.74617,0.0,-66160547543.724792,0.0
0.0,-0.0,0.0,0.0,-0.0,-0.0,0.0,0.0,0.0,-0.0,-0.0,0.0,-0.0,0.0
83293365830.110931,-80719805451.030807,0.0,17228214923.566833,-8872681622.0739536,-86906219366.889526,0.0,0.0,0.0,-36366410306.645393,-12594810703.020895,0.0,-24582267800.882786,0.0
0.0,-0.0,0.0,0.0,-0.0,-0.0,0.0,0.0,0.0,-0.0,-0.0,0.0,-0.0,0.0
0.0,-0.0,0.0,0.0,-0.0,-0.0,0.0,0.0,0.0,-0.0,-0.0,0.0,-0.0,0.0
0.0,-0.0,0.0,0.0,-0.0,-0.0,0.0,0.0,0.0,-0.0,-0.0,0.0,-0.0,0.0
0.0,-0.0,0.0,0.0,-0.0,-0.0,0.0,0.0,0.0,-0.0,-0.0,0.0,-0.0,0.0
0.0,-0.0,0.0,0.0,-0.0,-0.0,0.0,0.0,0.0,-0.0,-0.0,0.0,-0.0,0.0
78562455813.848633,-76135068931.943283,0.0,16249683995.780054,-8368729621.3516865,-81970105913.18544,0.0,0.0,0.0,-34300865073.11351,-11879448614.887953,0.0,-23186040192.565907,0.0
16481611233.429811,-15972369936.346544,0.0,3409019887.5545197,-1755675108.5229323,-17196501871.394409,0.0,0.0,0.0,-7195975701.7388639,-2492188561.4422979,0.0,-4864197491.5095119,0.0
0.0,-0.0,0.0,0.0,-0.0,-0.0,0.0,0.0,0.0,-0.0,-0.0,0.0,-0.0,0.0
0.0,-0.0,0.0,0.0,-0.0,-0.0,0.0,0.0,0.0,-0.0,-0.0,0.0,-0.0,0.0
187735539711.52841,-171739065768.04721,0.0,0.0,0.0,0.0,0.0,89289164174.032333,0.0,357419740778.01501,51421258298.322105,0.0,-24390969172.077255,0.0
15148127594.295012,-13857393678.239433,0.0,0.0,0.0,0.0,0.0,7204622277.5640974,0.0,28839717010.133823,4149112005.9584103,0.0,-1968074418.5937088,0.0
0.0,-0.0,0.0,0.0,0.0,0.0,0.0,0.0,0.0,0.0,0.0,0.0,-0.0,0.0
93095420187.328979,-85162993191.501129,0.0,0.0,0.0,0.0,0.0,44277243774.565376,0.0,177239434803.36252,25499080542.763687,0.0,-12095139403.7582,0.0
151296841830.84286,-138405217837.87415,0.0,0.0,0.0,0.0,0.0,71958503808.094711,0.0,288046035773.54236,41440603070.99334,0.0,-19656782144.708241,0.0
2792734973.4808259,-2554773038.8200793,0.0,0.0,0.0,0.0,0.0,1328256609.9357405,0.0,5316940052.0380936,764937457.50419986,0.0,-362837599.8951565,0.0
0.0,-0.0,0.0,0.0,0.0,0.0,0.0,0.0,0.0,0.0,0.0,0.0,-0.0,0.0
0.0,-0.0,0.0,0.0,0.0,0.0,0.0,0.0,0.0,0.0,0.0,0.0,-0.0,0.0
0.0,-0.0,0.0,0.0,0.0,0.0,0.0,0.0,0.0,0.0,0.0,0.0,-0.0,0.0
48076357432.240013,-43979891732.96949,0.0,0.0,0.0,0.0,0.0,22865663998.691101,0.0,91530028024.455231,13168240799.607443,0.0,-6246174559.3688726,0.0
39065098987.285889,-35736459993.252853,0.0,0.0,0.0,0.0,0.0,18579806691.425293,0.0,74373970825.971466,10700033401.035334,0.0,-5075414205.361166,0.0
0.0,-0.0,0.0,0.0,0.0,0.0,0.0,0.0,0.0,0.0,0.0,0.0,-0.0,0.0
58075895505.572563,-53127394275.455299,0.0,0.0,0.0,0.0,0.0,27621558370.455856,0.0,110567618411.24196,15907140588.762091,0.0,-7545334139.1502905,0.0
0.0,-0.0,0.0,0.0,0.0,0.0,0.0,0.0,0.0,0.0,0.0,0.0,-0.0,0.0
-1985333057.8571637,0.0,0.0,0.0,-93331964345.458466,46566116052.935349,90721746989.969131,0.0,0.0,0.0,33179081269.595566,40732171717.691589,76868495821.544891,188033063810.96979
-749708.75903179916,0.0,0.0,0.0,-35244359.07139767,17584467.724854961,34258679.209450811,0.0,0.0,0.0,12529206.495605197,15381432.243968477,29027363.637017332,71005735.974004745
-0.0,0.0,0.0,0.0,-0.0,0.0,0.0,0.0,0.0,0.0,0.0,0.0,0.0,0.0
-0.0,0.0,0.0,0.0,-0.0,0.0,0.0,0.0,0.0,0.0,0.0,0.0,0.0,0.0
-0.0,0.0,0.0,0.0,-0.0,0.0,0.0,0.0,0.0,0.0,0.0,0.0,0.0,0.0
-0.0,0.0,0.0,0.0,-0.0,0.0,0.0,0.0,0.0,0.0,0.0,0.0,0.0,0.0
-0.0,0.0,0.0,0.0,-0.0,0.0,0.0,0.0,0.0,0.0,0.0,0.0,0.0,0.0
-898086779.69014633,0.0,0.0,0.0,-42219718736.582314,21064683854.001053,41038958818.338203,0.0,0.0,0.0,15008914566.027716,18425636334.898296,34772291530.020683,85058780482.672607
-0.0,0.0,0.0,0.0,-0.0,0.0,0.0,0.0,0.0,0.0,0.0,0.0,0.0,0.0
-50862863.854092054,0.0,0.0,0.0,-2391100564.6890125,1192991781.2231905,2324228596.0505924,0.0,0.0,0.0,850025181.79028344,1043530150.4496987,1969317854.3352356,4817277426.9964542
-407627507.47806406,0.0,0.0,0.0,-19162868337.6852,9560929711.2494621,18626939924.876465,0.0,0.0,0.0,6812310984.7045155,8363107422.0724907,15782597902.814278,38606846756.21003
-0.0,0.0,0.0,0.0,-0.0,0.0,0.0,0.0,0.0,0.0,0.0,0.0,0.0,0.0
-388095401.77539062,0.0,0.0,0.0,-18244649711.435539,9102802901.085638,17734401141.659988,0.0,0.0,0.0,6485888513.7188148,7962376128.9825039,15026350189.288345,36756939677.184486
-0.0,0.0,0.0,0.0,-0.0,0.0,0.0,0.0,0.0,0.0,0.0,0.0,0.0,0.0
-12290747184.175213,0.0,0.0,21665359038.593754,4889882679.8854485,0.0,25561778821.041302,0.0,0.0,34004776996.2076,-14628436714.594381,0.0,0.0,18748833847.587673
-0.0,0.0,0.0,0.0,0.0,0.0,0.0,0.0,0.0,0.0,-0.0,0.0,0.0,0.0
-0.0,0.0,0.0,0.0,0.0,0.0,0.0,0.0,0.0,0.0,-0.0,0.0,0.0,0.0
-0.0,0.0,0.0,0.0,0.0,0.0,0.0,0.0,0.0,0.0,-0.0,0.0,0.0,0.0
-11507565235.456224,0.0,0.0,20284814970.989044,4578293173.6615515,0.0,23932949958.987843,0.0,0.0,31837949616.670086,-13696294233.655602,0.0,0.0,17554134452.267906
-38857037236.878372,0.0,0.0,68494750587.408707,15459300441.954876,0.0,80813231010.796722,0.0,0.0,107505659840.97681,-46247612258.119774,0.0,0.0,59274194159.79538
-4080375003.8060699,0.0,0.0,7192629393.8731165,1623380154.1568172,0.0,8486192238.0511179,0.0,0.0,11289162488.345196,-4856458815.770154,0.0,0.0,6224379351.0543776
-0.0,0.0,0.0,0.0,0.0,0.0,0.0,0.0,0.0,0.0,-0.0,0.0,0.0,0.0
-0.0,0.0,0.0,0.0,0.0,0.0,0.0,0.0,0.0,0.0,-0.0,0.0,0.0,0.0
-0.0,0.0,0.0,0.0,0.0,0.0,0.0,0.0,0.0,0.0,-0.0,0.0,0.0,0.0
-3762772474.3521013,0.0,0.0,6632779554.8783569,1497021757.5034094,0.0,7825655861.4377861,0.0,0.0,10410452429.007301,-4478448558.7131691,0.0,0.0,5739894806.2926979
-42695108965.308876,0.0,0.0,75260262949.373627,16986280062.296791,0.0,88795491092.409164,0.0,0.0,118124442512.6087,-50815681924.194122,0.0,0.0,65128953683.619728
-26277739590.976189,0.0,0.0,46320752874.502617,10454617751.628372,0.0,54651337081.141777,0.0,0.0,72702551062.645172,-31275743032.459282,0.0,0.0,40085193039.828262
-17705676172.511963,0.0,0.0,31210456577.647697,7044216104.5424452,0.0,36823520280.480293,0.0,0.0,48986246384.477974,-21073280533.519814,0.0,0.0,27008999188.025814
37196798871.432404,0.0,0.0,64215853957.638298,21073673482.288834,0.0,0.0,0.0,40345490871.919479,0.0,0.0,22626301557.316753,0.0,0.0
0.0,0.0,0.0,0.0,0.0,0.0,0.0,0.0,0.0,0.0,0.0,0.0,0.0,0.0
0.0,0.0,0.0,0.0,0.0,0.0,0.0,0.0,0.0,0.0,0.0,0.0,0.0,0.0
32321010161.914234,0.0,0.0,55798384035.537361,18311318055.195076,0.0,0.0,0.0,35056968879.658646,0.0,0.0,19660426293.355629,0.0,0.0
4882977191.6787806,0.0,0.0,8429879982.4988375,2766428028.2444553,0.0,0.0,0.0,5296318976.146369,0.0,0.0,2970247918.8680034,0.0,0.0
0.0,0.0,0.0,0.0,0.0,0.0,0.0,0.0,0.0,0.0,0.0,0.0,0.0,0.0
33239973281.488216,0.0,0.0,57384864680.901184,18831952338.567265,0.0,0.0,0.0,36053721806.719734,0.0,0.0,20219418929.668282,0.0,0.0
0.0,0.0,0.0,0.0,0.0,0.0,0.0,0.0,0.0,0.0,0.0,0.0,0.0,0.0
0.0,0.0,0.0,0.0,0.0,0.0,0.0,0.0,0.0,0.0,0.0,0.0,0.0,0.0
67229973990.851181,0.0,0.0,116064562606.43457,38088829229.712959,0.0,0.0,0.0,72920960519.816315,0.0,0.0,40895069236.074364,0.0,0.0
27613425330.237488,0.0,0.0,47671298124.488205,15644257753.155941,0.0,0.0,0.0,29950889146.51609,0.0,0.0,16796867136.656979,0.0,0.0
0.0,0.0,0.0,0.0,0.0,0.0,0.0,0.0,0.0,0.0,0.0,0.0,0.0,0.0
0.0,0.0,0.0,0.0,0.0,0.0,0.0,0.0,0.0,0.0,0.0,0.0,0.0,0.0
125888668946.06555,0.0,0.0,217331830298.18915,71321640167.450729,0.0,0.0,0.0,136545087156.47426,0.0,0.0,76576347229.989685,0.0,0.0
-19017589960.672943,78407008879.502975,1305051486.7656698,0.0,-11871440150.016863,15036717138.119095,34772848469.870567,31639093508.904522,0.0,0.0,0.0,61974201362.762321,-29237532509.899693,-24889090431.718979
-0.0,0.0,0.0,0.0,-0.0,0.0,0.0,0.0,0.0,0.0,0.0,0.0,-0.0,-0.0
-0.0,0.0,0.0,0.0,-0.0,0.0,0.0,0.0,0.0,0.0,0.0,0.0,-0.0,-0.0
-9785328703.2952881,40343616415.89312,671502424.8148433,0.0,-6108342029.1233149,7737006640.654398,17892054299.79319,16279609061.881983,0.0,0.0,0.0,31888264113.008629,-15043907596.823954,-12806456102.169209
-866809275.6725446,3573740033.0450616,59483390.70818302,0.0,-541092454.87496865,685363703.70479584,1584923623.7383411,1442089128.2282643,0.0,0.0,0.0,2824743445.6589546,-1332627553.2160988,-1134428415.6867681
-0.0,0.0,0.0,0.0,-0.0,0.0,0.0,0.0,0.0,0.0,0.0,0.0,-0.0,-0.0
-0.0,0.0,0.0,0.0,-0.0,0.0,0.0,0.0,0.0,0.0,0.0,0.0,-0.0,-0.0
-0.0,0.0,0.0,0.0,-0.0,0.0,0.0,0.0,0.0,0.0,0.0,0.0,-0.0,-0.0
-18265575339.435925,75306552028.409927,1253445694.362721,0.0,-11402006505.353458,14442118602.413223,33397821953.604431,30387985404.744961,0.0,0.0,0.0,59523548800.546951,-28081389592.642303,-23904898430.910866
-0.0,0.0,0.0,0.0,-0.0,0.0,0.0,0.0,0.0,0.0,0.0,0.0,-0.0,-0.0
-0.0,0.0,0.0,0.0,-0.0,0.0,0.0,0.0,0.0,0.0,0.0,0.0,-0.0,-0.0
-25761412883.916523,106210899115.7527,1767835475.2028677,0.0,-16081168637.230761,20368883723.689377,47103639758.489273,42858624717.49765,0.0,0.0,0.0,83950857745.836487,-39605446760.184853,-33715004700.519924
-0.0,0.0,0.0,0.0,-0.0,0.0,0.0,0.0,0.0,0.0,0.0,0.0,-0.0,-0.0
-0.0,0.0,0.0,0.0,-0.0,0.0,0.0,0.0,0.0,0.0,0.0,0.0,-0.0,-0.0
0.0,-23526618906.49963,-19272681511.737953,-16391357758.524239,-48047065991.263573,0.0,-22712819993.190113,39877470029.119232,-41707596932.077087,15545657612.688431,0.0,95553151745.066605,0.0,50434610488.188637
0.0,-10238625297.568914,-8387340538.0640697,-7133407944.205883,-20909757891.143829,0.0,-9884465519.0618973,17354405028.016552,-18150863868.143764,6765364965.2413158,0.0,41584084844.813759,0.0,21948801095.032982
0.0,-707298753.07667363,-579409376.92199242,-492785935.36595809,-1444475723.4208786,0.0,-682832893.40824699,1198866906.4408686,-1253887412.4293659,467361004.52469832,0.0,2872687543.8595381,0.0,1516254301.2225382
0.0,-0.0,-0.0,-0.0,-0.0,0.0,-0.0,0.0,-0.0,0.0,0.0,0.0,0.0,0.0
0.0,-2143265457.2909465,-1755733482.8960993,-1493246055.5238311,-4377068259.2560921,0.0,-2069128705.7666833,3632821374.6835618,-3799545194.589735,1416203114.632097,0.0,8704853437.9031849,0.0,4594572596.2941227
0.0,-13461301160.102449,-11027312127.73501,-9378695854.5717144,-27491244183.371895,0.0,-12995667220.123209,22816820202.610268,-23863969795.156055,8894808883.8394566,0.0,54672953965.43174,0.0,28857333192.335892
0.0,-24027599876.504414,-19683078208.208279,-16740398916.635244,-49070190725.924744,0.0,-23196471751.096935,40726629600.068275,-42595727625.681679,15876690246.876904,0.0,97587881462.860123,0.0,51508576117.699722
0.0,-16968188011.10935,-13900105436.699841,-11821997938.13792,-34653158295.376884,0.0,-16381248892.524084,28760971202.476433,-30080920214.146736,11212050578.825693,0.0,68916143467.450058,0.0,36375135604.131691
0.0,-0.0,-0.0,-0.0,-0.0,0.0,-0.0,0.0,-0.0,0.0,0.0,0.0,0.0,0.0
0.0,-0.0,-0.0,-0.0,-0.0,0.0,-0.0,0.0,-0.0,0.0,0.0,0.0,0.0,0.0
0.0,-0.0,-0.0,-0.0,-0.0,0.0,-0.0,0.0,-0.0,0.0,0.0,0.0,0.0,0.0
0.0,-20651320255.666111,-16917276539.656097,-14388092901.992144,-42175008277.818695,0.0,-19936979531.686222,35003857028.072838,-36610315522.244797,13645749745.020538,0.0,83875152055.124847,0.0,44270759742.430176
0.0,-14174110886.013714,-11611236017.544851,-9875321369.5937347,-28946974650.898251,0.0,-13683820458.731796,24025028173.099316,-25127626968.153328,9365811367.7088871,0.0,57568024276.046654,0.0,30385401505.993801
0.0,-8721210438.6292248,-7144295227.8242674,-6076201640.1538544,-17810828454.94434,0.0,-8419538889.2278214,14782396453.406172,-15460816158.061766,5762704449.2006788,0.0,35421118000.63089,0.0,18695880322.024235
0.0,-0.0,0.0,-0.0,-0.0,-0.0,0.0,-0.0,0.0,0.0,0.0,0.0,0.0,0.0
0.0,-125447341.18535906,0.0,-2378102498.0492711,-3037896021.4341035,-933337598.67741621,0.0,-138875698.5251058,0.0,1351983198.9031091,0.0,382121061.51513702,2747618318.9928231,6834236239.3953686
0.0,-673906383.21333861,0.0,-12775228539.941597,-16319656527.0989,-5013913882.099309,0.0,-746043868.48657119,0.0,7262888947.0981436,0.0,2052764292.0291889,14760277151.40822,36713695026.116539
0.0,-153408294.67077214,0.0,-2908157680.5919595,-3715012559.3073993,-1141369183.3743439,0.0,-169829698.1079039,0.0,1653326686.7792935,0.0,467292011.53977102,3360034869.9304018,8357518915.5559111
0.0,-1558053093.362927,0.0,-29535978350.828575,-37730598741.958389,-11592031517.213158,0.0,-1724832982.791281,0.0,16791600246.937231,0.0,4745934798.6744699,34125356351.410984,84881056967.397171
0.0,-0.0,0.0,-0.0,-0.0,-0.0,0.0,-0.0,0.0,0.0,0.0,0.0,0.0,0.0
0.0,-636247666.2851634,0.0,-12061333068.311817,-15407694063.427582,-4733730212.2431173,0.0,-704354020.22400844,0.0,6857029786.6085529,0.0,1938053300.5333254,13935454723.735313,34662088626.747871
0.0,-60867148.874193802,0.0,-1153857207.4873974,-1473989545.3641646,-452856138.93274838,0.0,-67382598.4453931,0.0,655983314.31713533,0.0,185405440.39781791,1333146575.2190595,3315976813.0122581
0.0,-1100724923.888279,0.0,-20866418263.070484,-26655709362.804924,-8189475739.8506727,0.0,-1218550678.2731192,0.0,11862838938.228048,0.0,3352882351.8935366,24108697214.862858,59966310113.561409
0.0,-2501893034.2347636,0.0,-47428331428.519409,-60587102308.72982,-18614271252.430176,0.0,-2769705116.7553988,0.0,26963643197.030106,0.0,7620934911.8568048,54797870310.114372,136300441923.22527
0.0,-0.0,0.0,-0.0,-0.0,-0.0,0.0,-0.0,0.0,0.0,0.0,0.0,0.0,0.0
0.0,-2160448727.7509751,0.0,-40955579192.232353,-52318514944.444672,-16073900080.874022,0.0,-2391711321.7311435,0.0,23283796646.555088,0.0,6580872527.0422869,47319364806.961067,117698923301.48927
0.0,-0.0,0.0,-0.0,-0.0,-0.0,0.0,-0.0,0.0,0.0,0.0,0.0,0.0,0.0
0.0,-3965081697.0827489,0.0,-75165966848.745209,-96020416203.406113,-29500504313.174732,0.0,-4389519021.992197,0.0,42732861343.096779,0.0,12077906257.453091,86845452476.430893,216013386735.12555
0.0,0.0,0.0,-0.0,0.0,0.0,0.0,0.0,0.0,-0.0,0.0,-0.0,0.0,0.0
0.0,53747412577.76268,0.0,-4998773376.6399488,8910197068.9442043,0.0,0.0,0.0,35549101172.135056,-18089650829.867222,0.0,-12851785870.595633,0.0,47291044148.971283
0.0,0.0,0.0,-0.0,0.0,0.0,0.0,0.0,0.0,-0.0,0.0,-0.0,0.0,0.0
0.0,41039775710.855301,0.0,-3816900728.1957226,6803536611.5518446,0.0,0.0,0.0,27144137156.670105,-13812668873.526295,0.0,-9813205591.0613899,0.0,36109902819.934532
0.0,57101688517.820343,0.0,-5310737515.244854,9466265877.0247879,0.0,0.0,0.0,37767654383.04261,-19218592254.812622,0.0,-13653841896.458122,0.0,50242390157.294838
0.0,99022560791.851974,0.0,-9209584551.7560215,16415869873.742605,0.0,0.0,0.0,65494558027.707985,-33327809899.913651,0.0,-23677730454.720524,0.0,87127548463.405426
0.0,0.0,0.0,-0.0,0.0,0.0,0.0,0.0,0.0,-0.0,0.0,-0.0,0.0,0.0
0.0,6291243617.7424831,0.0,-585116558.99392152,1042956632.7815298,0.0,0.0,0.0,4161094369.744751,-2117430307.2903299,0.0,-1504327593.7794633,0.0,5535512602.54877
0.0,0.0,0.0,-0.0,0.0,0.0,0.0,0.0,0.0,-0.0,0.0,-0.0,0.0,0.0
0.0,54094372444.135216,0.0,-5031042348.4769888,8967715759.3541107,0.0,0.0,0.0,35778584058.860115,-18206426364.421108,0.0,-12934749006.762587,0.0,47596325716.429161
0.0,0.0,0.0,-0.0,0.0,0.0,0.0,0.0,0.0,-0.0,0.0,-0.0,0.0,0.0
0.0,192481610591.36148,0.0,-17901735253.297798,31909425966.048992,0.0,0.0,0.0,127309351660.19193,-64783120894.061501,0.0,-46025144741.033096,0.0,169359898602.95682
0.0,38197736816.278465,0.0,-3552577150.9252558,6332385993.9914913,0.0,0.0,0.0,25264382888.457096,-12856129967.147987,0.0,-9133632871.980999,0.0,33609261758.523991
0.0,134912541672.45288,0.0,-12547529064.982534,22365678192.126686,0.0,0.0,0.0,89232566988.502945,-45407223424.822464,0.0,-32259545412.043522,0.0,118706271771.70583
-0.0,0.0,0.0,0.0,0.0,0.0,0.0,0.0,-0.0,0.0,0.0,0.0,0.0,0.0
-13952597223.717659,20708169986.144718,0.0,36629796235.935966,0.0,0.0,7161750240.2366524,20259801410.229774,-5456939513.0106611,839167499.54845846,0.0,0.0,13244817979.752609,0.0
-0.0,0.0,0.0,0.0,0.0,0.0,0.0,0.0,-0.0,0.0,0.0,0.0,0.0,0.0
-14148761541.242056,20999313202.520664,0.0,37144787019.692398,0.0,0.0,7262439726.6190224,20544640860.053627,-5533660484.6102715,850965641.29928279,0.0,0.0,13431031387.77076,0.0
-29089786750.393322,43174488536.359917,0.0,76369506273.887955,0.0,0.0,14931541698.481855,42239684352.607536,-11377179760.728363,1749581330.1504517,0.0,0.0,27614136952.497707,0.0
-0.0,0.0,0.0,0.0,0.0,0.0,0.0,0.0,-0.0,0.0,0.0,0.0,0.0,0.0
-0.0,0.0,0.0,0.0,0.0,0.0,0.0,0.0,-0.0,0.0,0.0,0.0,0.0,0.0
-0.0,0.0,0.0,0.0,0.0,0.0,0.0,0.0,-0.0,0.0,0.0,0.0,0.0,0.0
-137523003693.62439,204108933399.9978,0.0,361039562905.77344,0.0,0.0,70589395576.234756,199689613302.6012,-53786022829.35334,8271208097.6435347,0.0,0.0,130546816678.30533,0.0
-20722141165.069458,30755393769.534126,0.0,54401900684.01812,0.0,0.0,10636499935.286682,30089484994.621826,-8104546351.1002398,1246316159.4904935,0.0,0.0,19670960429.90007,0.0
-0.0,0.0,0.0,0.0,0.0,0.0,0.0,0.0,-0.0,0.0,0.0,0.0,0.0,0.0
-123424305751.13748,183183923604.68631,0.0,324026208005.26532,0.0,0.0,63352653071.76461,179217667049.32202,-48271942500.740547,7423253490.3698263,0.0,0.0,117163309292.14453,0.0
-0.0,0.0,0.0,0.0,0.0,0.0,0.0,0.0,-0.0,0.0,0.0,0.0,0.0,0.0
-16249365552.86652,24116988302.634136,0.0,42659509166.720154,0.0,0.0,8340662013.3858671,23594812769.603249,-6355218567.913702,977304744.17110467,0.0,0.0,15425077179.776426,0.0
-153168633752.04303,-7446061058.8870296,0.0,128672308885.20047,0.0,0.0,0.0,135276500490.06934,-41764786608.680534,136998231715.02812,0.0,146311477934.55057,-77232813806.113495,126325592368.90089
-114969835748.75009,-5589084370.245532,0.0,96582660924.509369,0.0,0.0,0.0,101539830061.98573,-31349046726.203835,102832177922.56306,0.0,109822789263.26051,-57971685848.403862,94821193149.947845
-0.0,-0.0,0.0,0.0,0.0,0.0,0.0,0.0,-0.0,0.0,0.0,0.0,-0.0,0.0
-12364914842.282806,-601101600.55761552,0.0,10387388742.404261,0.0,0.0,0.0,10920528359.804768,-3371565164.3041439,11059519349.385431,0.0,11811354066.381275,-6234808931.497304,10197944277.357998
-0.0,-0.0,0.0,0.0,0.0,0.0,0.0,0.0,-0.0,0.0,0.0,0.0,-0.0,0.0
-0.0,-0.0,0.0,0.0,0.0,0.0,0.0,0.0,-0.0,0.0,0.0,0.0,-0.0,0.0
-33479420439.374695,-1627551298.8599029,0.0,28125042461.67342,0.0,0.0,0.0,29568578922.013783,-9128898105.1848755,29944912915.155678,0.0,31980591357.933784,-16881457918.575493,27612099916.084053
-45087730032.841713,-2191871681.604497,0.0,37876830155.122765,0.0,0.0,0.0,39820883587.417061,-12294158257.883615,40327703755.218033,0.0,43069212385.209396,-22734760853.217625,37186035191.69825
-58646462550.897415,-2851008919.6763439,0.0,49267108803.68325,0.0,0.0,0.0,51795775843.051727,-15991243989.009823,52455006413.526855,0.0,56020938499.365715,-29571533098.043663,48368578739.665489
-13619820896.17675,-662106957.01713693,0.0,11441597136.336584,0.0,0.0,0.0,12028844698.83662,-3713742816.9406962,12181941781.058136,0.0,13010079646.916714,-6867575074.4757309,11232926092.773962
-0.0,-0.0,0.0,0.0,0.0,0.0,0.0,0.0,-0.0,0.0,0.0,0.0,-0.0,0.0
-0.0,-0.0,0.0,0.0,0.0,0.0,0.0,0.0,-0.0,0.0,0.0,0.0,-0.0,0.0
-72552562629.6465,-3527032905.4029789,0.0,60949200370.929108,0.0,0.0,0.0,64077458508.989586,-19783047102.486141,64893004156.099434,0.0,69304480990.978546,-36583459834.230812,59837613142.838554
-0.0,-0.0,0.0,0.0,0.0,0.0,0.0,0.0,-0.0,0.0,0.0,0.0,-0.0,0.0
17846929354.050461,0.0,0.0,0.0,2357852869.6843429,20127849733.227318,0.0,0.0,46541364649.966858,36857117935.791008,28758638198.621761,23478037046.621216,-29499025464.061707,-37769162445.082756
37675989791.060806,0.0,0.0,0.0,4977575631.3446293,42491156098.680336,0.0,0.0,98251746540.153397,77807692938.596695,60711293112.737961,49563612122.546608,-62274297173.591484,-79733076232.237076
0.0,0.0,0.0,0.0,0.0,0.0,0.0,0.0,0.0,0.0,0.0,0.0,-0.0,-0.0
5592201458.2849922,0.0,0.0,0.0,738815512.44431257,6306910751.8346901,0.0,0.0,14583387545.435024,11548901470.937578,9011303585.1807842,7356666819.5493441,-9243298381.7842236,-11834683777.445368
0.0,0.0,0.0,0.0,0.0,0.0,0.0,0.0,0.0,0.0,0.0,0.0,-0.0,-0.0
0.0,0.0,0.0,0.0,0.0,0.0,0.0,0.0,0.0,0.0,0.0,0.0,-0.0,-0.0
0.0,0.0,0.0,0.0,0.0,0.0,0.0,0.0,0.0,0.0,0.0,0.0,-0.0,-0.0
49613370520.360428,0.0,0.0,0.0,6554686564.587925,55954189473.277908,0.0,0.0,129382143173.99948,102460530446.71289,79947252790.877945,65267505013.146904,-82005484041.7621,-104995958321.88863
6048628077.4842768,0.0,0.0,0.0,799116463.5227741,6821670810.7354193,0.0,0.0,15773660521.73749,12491504503.601259,9746791900.5863285,7957106304.798543,-9997721744.7690468,-12800611908.99172
1099003965.5490444,0.0,0.0,0.0,145195265.95067623,1239461771.6000376,0.0,0.0,2865991302.9111142,2269640786.1865625,1770940916.3376565,1445764439.678699,-1816533551.6094401,-2325803978.8895903
0.0,0.0,0.0,0.0,0.0,0.0,0.0,0.0,0.0,0.0,0.0,0.0,-0.0,-0.0
23595413149.430859,0.0,0.0,0.0,3117315673.8667011,26611016429.970535,0.0,0.0,61532306520.0037,48728770531.884979,38021775984.532532,31040296796.319397,-39000641484.141174,-49934583956.731903
2330289593.7838449,0.0,0.0,0.0,307866966.74247754,2628111416.1489911,0.0,0.0,6076947780.3587894,4812466989.6306267,3755041217.240725,3065548382.4054098,-3851714247.4185023,-4931553460.300602
1381074918.6911349,0.0,0.0,0.0,182461161.5636788,1557582701.3309364,0.0,0.0,3601578183.2598214,2852168019.8621697,2225471571.265851,1816835123.9554176,-2282766037.0045943,-2922746088.0286651
25549528099.482925,8767213195.9015064,-11043235888.114788,0.0,-4629303473.0376892,43101000072.559906,0.0,0.0,-7529219738.1736994,0.0,0.0,0.0,24132497066.000404,0.0
0.0,0.0,-0.0,0.0,-0.0,0.0,0.0,0.0,-0.0,0.0,0.0,0.0,0.0,0.0
0.0,0.0,-0.0,0.0,-0.0,0.0,0.0,0.0,-0.0,0.0,0.0,0.0,0.0,0.0
0.0,0.0,-0.0,0.0,-0.0,0.0,0.0,0.0,-0.0,0.0,0.0,0.0,0.0,0.0
19866896862.59433,6817242168.1195869,-8587040338.4443321,0.0,-3599670971.8623261,33514635565.169128,0.0,0.0,-5854598621.6134319,0.0,0.0,0.0,18765036613.603569,0.0
81593115658.498047,27998334744.600594,-35266875362.808052,0.0,-14783807052.05648,137644220676.9559,0.0,0.0,-24044768831.855099,0.0,0.0,0.0,77067788358.658005,0.0
0.0,0.0,-0.0,0.0,-0.0,0.0,0.0,0.0,-0.0,0.0,0.0,0.0,0.0,0.0
0.0,0.0,-0.0,0.0,-0.0,0.0,0.0,0.0,-0.0,0.0,0.0,0.0,0.0,0.0
9156168029.5811405,3141900580.7179613,-3957557375.939404,0.0,-1659000522.2019916,15446077805.066553,0.0,0.0,-2698241657.7687201,0.0,0.0,0.0,8648347525.2188873,0.0
33633773063.534317,11541287881.420496,-14537477494.758411,0.0,-6094082906.2722301,56738787879.263969,0.0,0.0,-9911575158.3819866,0.0,0.0,0.0,31768372653.0625,0.0
168678463841.09018,57881305998.834877,-72907650512.719208,0.0,-30562748378.198986,284553611086.11853,0.0,0.0,-49708049965.230385,0.0,0.0,0.0,159323198373.47391,0.0
17114289924.566578,5872696665.1169157,-7397284989.3223639,0.0,-3100927793.1819572,28871101196.404636,0.0,0.0,-5043429726.1044827,0.0,0.0,0.0,16165095096.204214,0.0
49711256637.677841,17058208804.549934,-21486625162.192276,0.0,-9007152386.760807,83860839527.24588,0.0,0.0,-14649467231.975889,0.0,0.0,0.0,46954164878.694275,0.0
13196762145.661303,4528413471.1261768,-5704017575.8405113,0.0,-2391113315.1221905,22262393418.108376,0.0,0.0,-3888968971.9595041,0.0,0.0,0.0,12464841719.222275,0.0
0.0,0.0,0.0,13596174877.290672,0.0,-14188620153.209682,0.0,0.0,0.0,-3218222510.9267516,0.0,0.0,0.0,27040750560.969238
0.0,0.0,0.0,44650687037.999931,0.0,-46596314307.503883,0.0,0.0,0.0,-10568843623.367043,0.0,0.0,0.0,88803512860.600723
0.0,0.0,0.0,76340505721.61879,0.0,-79666998090.555862,0.0,0.0,0.0,-18069842159.738625,0.0,0.0,0.0,151829804452.16925
0.0,0.0,0.0,0.0,0.0,-0.0,0.0,0.0,0.0,-0.0,0.0,0.0,0.0,0.0
0.0,0.0,0.0,42741803306.934746,0.0,-44604252097.274155,0.0,0.0,0.0,-10117009732.62203,0.0,0.0,0.0,85007029710.928848
0.0,0.0,0.0,70384542472.516251,0.0,-73451507266.799103,0.0,0.0,0.0,-16660062190.334923,0.0,0.0,0.0,139984287751.85925
0.0,0.0,0.0,0.0,0.0,-0.0,0.0,0.0,0.0,-0.0,0.0,0.0,0.0,0.0
0.0,0.0,0.0,0.0,0.0,-0.0,0.0,0.0,0.0,-0.0,0.0,0.0,0.0,0.0
0.0,0.0,0.0,40880813107.720894,0.0,-42662170351.209328,0.0,0.0,0.0,-9676512268.7561111,0.0,0.0,0.0,81305799605.584839
0.0,0.0,0.0,0.0,0.0,-0.0,0.0,0.0,0.0,-0.0,0.0,0.0,0.0,0.0
0.0,0.0,0.0,0.0,0.0,-0.0,0.0,0.0,0.0,-0.0,0.0,0.0,0.0,0.0
0.0,0.0,0.0,0.0,0.0,-0.0,0.0,0.0,0.0,-0.0,0.0,0.0,0.0,0.0
0.0,0.0,0.0,46945432666.104965,0.0,-48991052118.63662,0.0,0.0,0.0,-11112011249.840673,0.0,0.0,0.0,93367417391.874893
0.0,0.0,0.0,0.0,0.0,-0.0,0.0,0.0,0.0,-0.0,0.0,0.0,0.0,0.0
0.0,0.0,0.0,0.0,0.0,0.0,0.0,0.0,0.0,0.0,0.0,0.0,0.0,0.0
0.0,0.0,0.0,0.0,0.0,0.0,0.0,0.0,0.0,0.0,0.0,0.0,0.0,0.0
0.0,0.0,0.0,0.0,0.0,0.0,0.0,0.0,0.0,0.0,0.0,0.0,0.0,0.0
0.0,0.0,0.0,0.0,7936504753.4072256,0.0,94018780243.517868,0.0,0.0,0.0,0.0,22733299136.241348,274122069492.41147,0.0
0.0,0.0,0.0,0.0,0.0,0.0,0.0,0.0,0.0,0.0,0.0,0.0,0.0,0.0
0.0,0.0,0.0,0.0,3289274543.7314296,0.0,38965966769.555191,0.0,0.0,0.0,0.0,9421787608.9305191,113609551442.56337,0.0
0.0,0.0,0.0,0.0,0.0,0.0,0.0,0.0,0.0,0.0,0.0,0.0,0.0,0.0
0.0,0.0,0.0,0.0,0.0,0.0,0.0,0.0,0.0,0.0,0.0,0.0,0.0,0.0
0.0,0.0,0.0,0.0,0.0,0.0,0.0,0.0,0.0,0.0,0.0,0.0,0.0,0.0
0.0,0.0,0.0,0.0,3154382052.2192507,0.0,37367980261.635635,0.0,0.0,0.0,0.0,9035401982.5043831,108950446448.46236,0.0
0.0,0.0,0.0,0.0,0.0,0.0,0.0,0.0,0.0,0.0,0.0,0.0,0.0,0.0
0.0,0.0,0.0,0.0,0.0,0.0,0.0,0.0,0.0,0.0,0.0,0.0,0.0,0.0
0.0,0.0,0.0,0.0,0.0,0.0,0.0,0.0,0.0,0.0,0.0,0.0,0.0,0.0
0.0,0.0,0.0,0.0,5610312858.5920124,0.0,66461847896.31662,0.0,0.0,0.0,0.0,16070162423.517588,193776809701.63696,0.0
0.0,0.0,0.0,0.0,-0.0,0.0,0.0,0.0,0.0,0.0,0.0,-0.0,0.0,0.0
0.0,0.0,0.0,0.0,-0.0,0.0,0.0,0.0,0.0,0.0,0.0,-0.0,0.0,0.0
0.0,0.0,0.0,0.0,-0.0,0.0,0.0,0.0,0.0,0.0,0.0,-0.0,0.0,0.0
0.0,0.0,0.0,0.0,-0.0,0.0,0.0,0.0,0.0,0.0,0.0,-0.0,0.0,0.0
2405474796.4396157,4031395090.1509218,0.0,0.0,-23332130384.22929,69349634053.678192,0.0,0.0,0.0,11135188155.810389,59843989851.735741,-72308438725.495331,0.0,93540971060.46106
0.0,0.0,0.0,0.0,-0.0,0.0,0.0,0.0,0.0,0.0,0.0,-0.0,0.0,0.0
857889808.8379513,1437758885.8377581,0.0,0.0,-8321183370.8402309,24732890317.267284,0.0,0.0,0.0,3971259417.2684755,21342792321.081234,-25788119986.707623,0.0,33360501594.259674
0.0,0.0,0.0,0.0,-0.0,0.0,0.0,0.0,0.0,0.0,0.0,-0.0,0.0,0.0
0.0,0.0,0.0,0.0,-0.0,0.0,0.0,0.0,0.0,0.0,0.0,-0.0,0.0,0.0
0.0,0.0,0.0,0.0,-0.0,0.0,0.0,0.0,0.0,0.0,0.0,-0.0,0.0,0.0
0.0,0.0,0.0,0.0,-0.0,0.0,0.0,0.0,0.0,0.0,0.0,-0.0,0.0,0.0
2820111100.7294569,4726294393.9334841,0.0,0.0,-27353934448.875786,81303563486.000916,0.0,0.0,0.0,13054581895.17985,70159413161.432999,-84772382993.996597,0.0,109664807650.89201
2235574494.4421945,3746654944.7537026,0.0,0.0,-21684166329.735287,64451422778.893654,0.0,0.0,0.0,10348702330.529457,55617168617.279404,-67201245087.629219,0.0,86934109389.814026
0.0,0.0,0.0,0.0,-0.0,0.0,0.0,0.0,0.0,0.0,0.0,-0.0,0.0,0.0
22341076172.273403,5107313134.9296904,21464568680.637421,49232389426.067749,25682318970.00544,-25612850170.624878,0.0,0.0,8021932803.6514015,26441139335.430954,47474508063.076218,-18953287865.740059,0.0,-1172497587.9706957
7166110500.757616,1638218768.1853564,6884962471.3891563,15791752381.265493,8237845582.5315132,-8215562811.1521339,0.0,0.0,2573110465.1065059,8481244358.2634144,15227895385.421509,-6079445508.8570929,0.0,-376089639.21341735
0.0,0.0,0.0,0.0,0.0,-0.0,0.0,0.0,0.0,0.0,0.0,-0.0,0.0,-0.0
0.0,0.0,0.0,0.0,0.0,-0.0,0.0,0.0,0.0,0.0,0.0,-0.0,0.0,-0.0
24607219589.922031,5625368037.627492,23641804488.49258,54226224744.146973,28287377814.756153,-28210862521.230267,0.0,0.0,8835629067.8615932,29123168320.877972,52290034545.491821,-20875794561.861126,0.0,-1291428639.9352486
16317372271.6105,3730255834.0390563,15677192768.63607,35958125736.263512,18757733790.456844,-18706995488.863243,0.0,0.0,5859022317.7106743,19311957512.467796,34674212446.318359,-13843015058.518009,0.0,-856363385.67375124
0.0,0.0,0.0,0.0,0.0,-0.0,0.0,0.0,0.0,0.0,0.0,-0.0,0.0,-0.0
0.0,0.0,0.0,0.0,0.0,-0.0,0.0,0.0,0.0,0.0,0.0,-0.0,0.0,-0.0
0.0,0.0,0.0,0.0,0.0,-0.0,0.0,0.0,0.0,0.0,0.0,-0.0,0.0,-0.0
23077186917.013535,5275592766.8679199,22171799590.876148,50854535582.604973,26528519519.964912,-26456761809.824017,0.0,0.0,8286245537.9537706,27312342075.079506,49038734209.435852,-19577775188.487694,0.0,-1211129928.9569485
45995650524.245567,10514900368.302645,44191103063.939888,101359297155.31444,52874577701.078011,-52731555825.407906,0.0,0.0,16515498847.081047,54436831733.500496,97740183366.35611,-39020895781.194305,0.0,-2413929789.2798491
3070227217.3465886,701873610.45003855,2949772986.0339193,6765771748.2075195,3529398230.3388543,-3519851465.5827641,0.0,0.0,1102415847.8123,3633679282.9184813,6524194522.2983646,-2604659677.7561822,0.0,-161130734.21809748
0.0,0.0,0.0,0.0,0.0,-0.0,0.0,0.0,0.0,0.0,0.0,-0.0,0.0,-0.0
18831984219.336796,4305112234.4577818,18093148940.170403,41499504034.751534,21648421133.774811,-21589863733.782837,0.0,0.0,6761935316.0090294,22288054293.646469,40017731454.413292,-15976312655.660391,0.0,-988334487.721668
0.0,0.0,-7055998959.6529064,0.0,29249807789.597084,0.0,0.0,0.0,0.0,0.0,4928479049.5077686,23026948966.65041,0.0,0.0
0.0,0.0,-13688493922.325556,0.0,56744029930.637329,0.0,0.0,0.0,0.0,0.0,9561148733.3346386,44671810863.645615,0.0,0.0
0.0,0.0,-24355528851.944695,0.0,100962959547.8869,0.0,0.0,0.0,0.0,0.0,17011866692.848284,79483220325.914032,0.0,0.0
0.0,0.0,-15281772838.594168,0.0,63348778928.271385,0.0,0.0,0.0,0.0,0.0,10674023296.348827,49871408043.909676,0.0,0.0
0.0,0.0,-3974838833.5910368,0.0,16477223500.452902,0.0,0.0,0.0,0.0,0.0,2776348186.6339407,12971715485.664335,0.0,0.0
0.0,0.0,-20277197793.925335,0.0,84056721291.400757,0.0,0.0,0.0,0.0,0.0,14163231185.482222,66173762419.370232,0.0,0.0
0.0,0.0,-0.0,0.0,0.0,0.0,0.0,0.0,0.0,0.0,0.0,0.0,0.0,0.0
0.0,0.0,-0.0,0.0,0.0,0.0,0.0,0.0,0.0,0.0,0.0,0.0,0.0,0.0
0.0,0.0,-16810545429.467154,0.0,69686124595.799484,0.0,0.0,0.0,0.0,0.0,11741841436.439632,54860491607.121803,0.0,0.0
0.0,0.0,-2304040335.3949752,0.0,9551126259.3917599,0.0,0.0,0.0,0.0,0.0,1609327692.2441006,7519136485.6513567,0.0,0.0
0.0,0.0,-10857040989.532803,0.0,45006577229.318771,0.0,0.0,0.0,0.0,0.0,7583433524.0876617,35431486062.336601,0.0,0.0
0.0,0.0,-2019122726.5375755,0.0,8370034064.9903469,0.0,0.0,0.0,0.0,0.0,1410318243.1045818,6589320129.8986435,0.0,0.0
0.0,0.0,-0.0,0.0,0.0,0.0,0.0,0.0,0.0,0.0,0.0,0.0,0.0,0.0
0.0,0.0,-13467594628.136517,0.0,55828318075.684769,0.0,0.0,0.0,0.0,0.0,9406854841.0470905,43950915522.936783,0.0,0.0
-0.0,0.0,-0.0,0.0,0.0,0.0,0.0,0.0,0.0,-0.0,0.0,-0.0,0.0,-0.0
-0.0,0.0,-0.0,0.0,0.0,0.0,0.0,0.0,0.0,-0.0,0.0,-0.0,0.0,-0.0
-80616322636.755417,0.0,-4478248784.6147099,60857749243.55497,0.0,157056211746.8515,36417014827.767998,0.0,0.0,-11755106784.844238,49246924511.564148,-67626559931.452446,0.0,-30508844746.583244
-0.0,0.0,-0.0,0.0,0.0,0.0,0.0,0.0,0.0,-0.0,0.0,-0.0,0.0,-0.0
-145099610279.78412,0.0,-8060305061.4374142,109536572854.27444,0.0,282682146383.30957,65546213052.554665,0.0,0.0,-21157767527.595985,88638495535.244888,-121719611732.10796,0.0,-54912222959.638527
-0.0,0.0,-0.0,0.0,0.0,0.0,0.0,0.0,0.0,-0.0,0.0,-0.0,0.0,-0.0
-0.0,0.0,-0.0,0.0,0.0,0.0,0.0,0.0,0.0,-0.0,0.0,-0.0,0.0,-0.0
-0.0,0.0,-0.0,0.0,0.0,0.0,0.0,0.0,0.0,-0.0,0.0,-0.0,0.0,-0.0
-0.0,0.0,-0.0,0.0,0.0,0.0,0.0,0.0,0.0,-0.0,0.0,-0.0,0.0,-0.0
-0.0,0.0,-0.0,0.0,0.0,0.0,0.0,0.0,0.0,-0.0,0.0,-0.0,0.0,-0.0
-19162947242.412113,0.0,-1064504586.5543056,14466224703.661655,0.0,37333133059.902504,8656526507.8524361,0.0,0.0,-2794254113.5483003,11706267234.718628,-16075208565.286169,0.0,-7252121694.2629652
-143606890219.23779,0.0,-7977384238.7272015,108409709457.82703,0.0,279774038567.91968,64871902853.321655,0.0,0.0,-20940105853.909058,87726622235.468399,-120467414666.62938,0.0,-54347310506.579605
-0.0,0.0,-0.0,0.0,0.0,0.0,0.0,0.0,0.0,-0.0,0.0,-0.0,0.0,-0.0
-0.0,0.0,-0.0,0.0,0.0,0.0,0.0,0.0,0.0,-0.0,0.0,-0.0,0.0,-0.0
-7805098221.4670963,0.0,0.0,76694054393.744171,38790145960.752182,-43077625483.469604,0.0,0.0,0.0,0.0,79641524815.26149,0.0,0.0,0.0
-0.0,0.0,0.0,0.0,0.0,-0.0,0.0,0.0,0.0,0.0,0.0,0.0,0.0,0.0
-32258406666.632263,0.0,0.0,316975895158.07275,160319353780.6322,-178039471336.39566,0.0,0.0,0.0,0.0,329157766134.87439,0.0,0.0,0.0
-2704430576.5081902,0.0,0.0,26574136526.34819,13440606873.459076,-14926198776.133459,0.0,0.0,0.0,0.0,27595421448.731472,0.0,0.0,0.0
-0.0,0.0,0.0,0.0,0.0,-0.0,0.0,0.0,0.0,0.0,0.0,0.0,0.0,0.0
-19461587195.265686,0.0,0.0,191232446356.29263,96721115674.872604,-107411712283.86662,0.0,0.0,0.0,0.0,198581803274.83295,0.0,0.0,0.0
-10598563776.515167,0.0,0.0,104143061843.34384,52673243077.790176,-58495223003.301231,0.0,0.0,0.0,0.0,108145439821.87126,0.0,0.0,0.0
-0.0,0.0,0.0,0.0,0.0,-0.0,0.0,0.0,0.0,0.0,0.0,0.0,0.0,0.0
-0.0,0.0,0.0,0.0,0.0,-0.0,0.0,0.0,0.0,0.0,0.0,0.0,0.0,0.0
-9035762377.3089333,0.0,0.0,88786743176.182587,44906358835.879547,-49869864107.126556,0.0,0.0,0.0,0.0,92198954219.180984,0.0,0.0,0.0
-13753193597.700607,0.0,0.0,135140923014.73686,68351271431.02256,-75906145725.86853,0.0,0.0,0.0,0.0,140334596454.8905,0.0,0.0,0.0
-9190010837.3213024,0.0,0.0,90302411454.360413,45672950121.258186,-50721186819.957939,0.0,0.0,0.0,0.0,93772871959.511719,0.0,0.0,0.0
-0.0,0.0,0.0,0.0,0.0,-0.0,0.0,0.0,0.0,0.0,0.0,0.0,0.0,0.0
-8026451003.3478756,0.0,0.0,78869099705.419968,39890235475.879387,-44299308025.70314,0.0,0.0,0.0,0.0,81900160462.228622,0.0,0.0,0.0
-18438002726.025684,-89155839662.315048,0.0,0.0,0.0,53173736005.801476,50423032797.562492,0.0,0.0,293520098323.10944,0.0,95407739454.514328,48206197615.065887,0.0
-0.0,-0.0,0.0,0.0,0.0,0.0,0.0,0.0,0.0,0.0,0.0,0.0,0.0,0.0
-0.0,-0.0,0.0,0.0,0.0,0.0,0.0,0.0,0.0,0.0,0.0,0.0,0.0,0.0
-12538572540.768593,-60629504163.221886,0.0,0.0,0.0,36160247727.446388,34289660537.113346,0.0,0.0,199605298886.46628,0.0,64881043780.984154,32782124761.157146,0.0
-3560467243.2018304,-17216422590.596436,0.0,0.0,0.0,10268104851.730141,9736930797.0218773,0.0,0.0,56680146479.513855,0.0,18423694590.100254,9308849232.6496468,0.0
-9290694178.5581341,-44924586076.014603,0.0,0.0,0.0,26793624390.995689,25407577178.427799,0.0,0.0,147901348606.0011,0.0,48074845345.817558,24290539827.317509,0.0
-0.0,-0.0,0.0,0.0,0.0,0.0,0.0,0.0,0.0,0.0,0.0,0.0,0.0,0.0
-0.0,-0.0,0.0,0.0,0.0,0.0,0.0,0.0,0.0,0.0,0.0,0.0,0.0,0.0
-0.0,-0.0,0.0,0.0,0.0,0.0,0.0,0.0,0.0,0.0,0.0,0.0,0.0,0.0
-0.0,-0.0,0.0,0.0,0.0,0.0,0.0,0.0,0.0,0.0,0.0,0.0,0.0,0.0
-7340005329.1943026,-35492148904.310425,0.0,0.0,0.0,21167992621.285511,20072962074.45697,0.0,0.0,116847747444.80409,0.0,37980974753.520119,19190459652.949963,0.0
-0.0,-0.0,0.0,0.0,0.0,0.0,0.0,0.0,0.0,0.0,0.0,0.0,0.0,0.0
-0.0,-0.0,0.0,0.0,0.0,0.0,0.0,0.0,0.0,0.0,0.0,0.0,0.0,0.0
-0.0,-0.0,0.0,0.0,0.0,0.0,0.0,0.0,0.0,0.0,0.0,0.0,0.0,0.0
40266336331.675735,0.0,0.0,0.0,0.0,157244294942.78558,78596499000.485977,0.0,0.0,27147068586.728874,65367966591.261978,0.0,81459067115.72258,-37888019243.185936
21223538628.013477,0.0,0.0,0.0,0.0,82880159254.212158,41426560857.765938,0.0,0.0,14308648644.911221,34454079769.183884,0.0,42935360279.41214,-19969977733.33828
0.0,0.0,0.0,0.0,0.0,0.0,0.0,0.0,0.0,0.0,0.0,0.0,0.0,-0.0
0.0,0.0,0.0,0.0,0.0,0.0,0.0,0.0,0.0,0.0,0.0,0.0,0.0,-0.0
0.0,0.0,0.0,0.0,0.0,0.0,0.0,0.0,0.0,0.0,0.0,0.0,0.0,-0.0
33789570587.863316,0.0,0.0,0.0,0.0,131951840856.41237,65954397466.418999,0.0,0.0,22780512801.291351,54853650034.781235,0.0,68356526793.398888,-31793801405.390408
3209849245.7787118,0.0,0.0,0.0,0.0,12534800220.402882,6265355530.7215128,0.0,0.0,2164040873.0125031,5210837075.7334871,0.0,6493546445.0872259,-3020260621.429338
0.0,0.0,0.0,0.0,0.0,0.0,0.0,0.0,0.0,0.0,0.0,0.0,0.0,-0.0
0.0,0.0,0.0,0.0,0.0,0.0,0.0,0.0,0.0,0.0,0.0,0.0,0.0,-0.0
24371512193.249374,0.0,0.0,0.0,0.0,95173328408.880219,47571140268.607094,0.0,0.0,16430973695.314234,39564468485.642319,0.0,49303731809.834908,-22932017339.679958
0.0,0.0,0.0,0.0,0.0,0.0,0.0,0.0,0.0,0.0,0.0,0.0,0.0,-0.0
4470904293.6322842,0.0,0.0,0.0,0.0,17459353332.22366,8726828831.6886063,0.0,0.0,3014228672.4123521,7258021193.9714441,0.0,9044669222.5254154,-4206831893.4277639
17308529575.525574,0.0,0.0,0.0,0.0,67591635533.497894,33784792742.927536,0.0,0.0,11669197705.294771,28098493334.909767,0.0,35015270839.479691,-16286207322.837273
0.0,0.0,0.0,0.0,0.0,0.0,0.0,0.0,0.0,0.0,0.0,0.0,0.0,-0.0
262116744.02087992,0.0,1804516808.0520134,0.0,0.0,1380107747.8242478,-1413922917.7644083,2000747893.5665274,0.0,0.0,0.0,1673057854.8372946,0.0,0.0
0.0,0.0,0.0,0.0,0.0,0.0,-0.0,0.0,0.0,0.0,0.0,0.0,0.0,0.0
0.0,0.0,0.0,0.0,0.0,0.0,-0.0,0.0,0.0,0.0,0.0,0.0,0.0,0.0
0.0,0.0,0.0,0.0,0.0,0.0,-0.0,0.0,0.0,0.0,0.0,0.0,0.0,0.0
0.0,0.0,0.0,0.0,0.0,0.0,-0.0,0.0,0.0,0.0,0.0,0.0,0.0,0.0
9770368948.2245522,0.0,67263139002.429497,0.0,0.0,51443344204.947166,-52703800447.81871,74577628245.568726,0.0,0.0,0.0,62363022913.878975,0.0,0.0
2806053917.3292184,0.0,19318000752.05196,0.0,0.0,14774549281.78928,-15136552825.020315,21418725023.851643,0.0,0.0,0.0,17910685427.675831,0.0,0.0
0.0,0.0,0.0,0.0,0.0,0.0,-0.0,0.0,0.0,0.0,0.0,0.0,0.0,0.0
0.0,0.0,0.0,0.0,0.0,0.0,-0.0,0.0,0.0,0.0,0.0,0.0,0.0,0.0
6441601556.9022579,0.0,44346569020.703957,0.0,0.0,33916582667.337605,-34747601121.145729,49169009764.36824,0.0,0.0,0.0,41115923832.965706,0.0,0.0
6211013101.809104,0.0,42759105600.491486,0.0,0.0,32702478949.463196,-33503749636.396145,47408918597.61837,0.0,0.0,0.0,39644107038.241348,0.0,0.0
0.0,0.0,0.0,0.0,0.0,0.0,-0.0,0.0,0.0,0.0,0.0,0.0,0.0,0.0
2713514845.7414961,0.0,18680924663.283394,0.0,0.0,14287308796.059361,-14637374054.143705,20712370482.315796,0.0,0.0,0.0,17320020297.992786,0.0,0.0
7811983997.7620487,0.0,53780831441.550484,0.0,0.0,41131976064.572258,-42139784884.420464,59629195328.524246,0.0,0.0,0.0,49862900739.671608,0.0,0.0
0.0,0.0,49580211421.073624,-49580211421.073624
0.0,0.0,0.0,-0.0
0.0,0.0,43390873676.436089,-43390873676.436089
0.0,0.0,0.0,-0.0
0.0,0.0,0.0,-0.0
0.0,0.0,34536762632.151169,-34536762632.151169
0.0,0.0,107277401789.57317,-107277401789.57317
0.0,0.0,127489004397.061,-127489004397.061
0.0,0.0,0.0,-0.0
0.0,0.0,0.0,-0.0
0.0,0.0,0.0,-0.0
0.0,0.0,189226458947.66708,-189226458947.66708
0.0,0.0,0.0,-0.0
0.0,0.0,0.0,-0.0
